Store ID,Province,City,Start Date,Owner ID,Sales (Last 3 Months),Store Level,Health Score,Financial Products,Under Monitoring
98530709,District 2,City 47,2020-03-15,466223886835667681,300179,D,95.46011399435898,True,False
25041539,District 20,City 47,2019-06-24,248063727360026444,300326,B,83.38608380384746,False,False
40664273,District 33,City 19,2020-12-15,938981521707939743,299669,D,80.01300297600702,False,False
18031472,District 13,City 47,2021-09-03,713015217574820000,298961,F,69.58753357025167,True,False
90385672,District 9,City 58,2019-12-15,923721311163555540,299696,D,72.39119969154058,True,False
28057847,District 26,City 29,2020-10-22,122016266367314901,300287,A,76.67248516025704,True,False
24776761,District 24,City 58,2021-08-03,315722849293184537,300643,E,100.0,True,False
94452594,District 12,City 22,2020-02-21,553343654055348659,299224,F,72.8590183046514,True,False
65617560,District 32,City 20,2021-02-19,234363710509985117,299785,A,78.34109307974987,True,False
39609181,District 12,City 1,2021-12-18,480900475838333374,299440,F,56.970469466330194,False,False
82114688,District 9,City 49,2020-02-03,132681271614675229,300669,C,88.96923583936169,True,False
24818285,District 1,City 43,2019-07-19,971038347770542378,300436,B,79.28625451126395,False,False
31329434,District 29,City 25,2019-10-13,538598661866278898,299758,E,70.00499812753401,True,False
58738788,District 25,City 15,2019-01-08,394193369163298829,300159,F,90.89596458465795,False,False
14085439,District 9,City 17,2020-07-06,120958769965575747,300615,D,91.14530771326339,True,False
80661857,District 32,City 21,2019-06-20,810277640388453146,300073,D,90.03628727208567,False,False
95185177,District 6,City 55,2020-10-31,523572146291749831,300354,D,82.6891868869615,False,False
79791417,District 3,City 43,2020-01-21,355768559712119869,300687,C,86.62616046703465,False,False
82399647,District 29,City 7,2021-03-04,552053788009907308,300644,D,88.43227693550105,True,False
73963814,District 24,City 10,2020-02-01,606494906893095972,300203,E,86.33324482552116,False,False
63776146,District 5,City 7,2021-08-28,892003847260890928,300375,E,62.341394196421,True,False
54614115,District 23,City 41,2020-04-06,518482021542823225,300098,C,70.86884755783723,True,False
14144075,District 13,City 39,2020-05-09,695929430342526359,299547,D,82.48282859832831,True,False
73095283,District 26,City 49,2019-11-19,623287931153375070,300276,E,67.5668714661168,False,True
33043651,District 15,City 50,2020-05-02,614071372250153197,299787,E,76.79743259138532,True,False
20233541,District 14,City 7,2019-05-17,193038396584017414,299512,E,57.48452975772619,True,False
76205479,District 7,City 22,2020-04-18,318833976369026483,300381,C,91.58901514907818,False,False
23590725,District 23,City 1,2019-06-01,424885973073327697,299978,C,89.44618376662868,True,False
28455528,District 29,City 7,2020-04-24,753871403652933739,300726,F,64.63711773408419,True,False
89597425,District 22,City 20,2021-10-05,471505758513458652,299227,B,76.25386204400276,True,False
63518002,District 32,City 2,2019-11-14,113996606051614370,300444,E,95.25623341222887,True,False
59015683,District 26,City 20,2019-10-15,855576708732154523,300337,B,81.96226912715815,True,False
33084420,District 9,City 27,2020-02-06,968979553038144049,299593,F,85.63375053192806,True,False
28391878,District 12,City 33,2020-12-17,121572469434744428,299904,F,70.18585102406315,True,False
74766179,District 15,City 47,2019-01-29,675215908386678099,300279,D,77.47471733336823,True,False
18211876,District 26,City 2,2020-01-14,862435282394164822,299513,B,87.11205010991635,True,False
62032173,District 26,City 47,2021-09-12,976321490255381790,299693,C,94.79768065813991,False,False
43977336,District 5,City 58,2019-09-12,807779042788502608,297995,D,66.02187494664625,True,False
24273864,District 9,City 27,2021-01-07,463640683972075719,299533,D,68.8507631864577,True,False
14369646,District 13,City 22,2021-12-15,626986809949874429,299533,F,92.5997369115683,True,False
48630752,District 35,City 16,2020-02-09,973632288453313328,300395,A,100.0,True,False
62426231,District 24,City 12,2021-06-30,145246804791493713,299920,D,91.74450397237034,True,False
43314518,District 6,City 17,2019-11-16,294188460016082743,300819,E,76.34427079482265,True,False
51337445,District 12,City 1,2021-03-17,839345405636463884,299950,B,85.50923609623172,True,False
99031845,District 5,City 27,2021-01-26,146436604787090667,300817,D,72.56490345966911,True,False
58396360,District 34,City 36,2020-08-06,986974388575860886,300396,B,91.7243852808725,False,False
99123703,District 9,City 12,2020-04-28,389244780693904041,300190,F,77.12217094372126,False,False
87372824,District 29,City 7,2019-04-01,477840868372476306,299560,B,85.60306910857116,True,False
41472386,District 29,City 50,2021-08-15,724666096074325780,299857,B,97.51431634838661,True,False
52824982,District 14,City 14,2019-11-04,111250456316425780,299654,C,79.53148072696577,True,False
83694959,District 9,City 14,2020-11-03,379055570507047774,300053,E,78.08169832559115,False,False
57019640,District 7,City 14,2019-06-01,711155900493467839,299237,E,91.93184754583059,False,False
89709566,District 16,City 22,2021-10-23,163395410310524636,300863,C,98.44119630388941,True,False
11912053,District 13,City 17,2019-06-08,862289641479460938,300339,C,86.40345845425794,True,False
10035978,District 33,City 47,2021-10-14,462610256818936958,301019,E,59.33554592083202,True,False
53458861,District 9,City 49,2019-06-17,570640974923313048,300861,E,73.91451731915079,True,False
69648127,District 26,City 58,2020-09-29,869730041231948973,300002,A,68.52885114928809,True,True
18420340,District 5,City 30,2020-10-28,312253310492539743,299863,E,74.21792673488066,False,False
35226638,District 13,City 48,2019-10-20,126312021835607821,299999,F,79.61705747119488,True,False
76909510,District 32,City 47,2020-08-27,941704479722146884,300137,C,81.16179723392892,True,False
88453396,District 6,City 14,2020-11-14,104672102401283956,300475,E,81.146763404153,True,False
49815720,District 34,City 27,2021-04-06,627731427679939254,300235,F,88.64606601125536,True,False
87043164,District 9,City 29,2020-01-22,314432237031421109,299192,D,75.5495470222634,True,False
11238840,District 29,City 17,2019-12-13,300911788095901706,299811,E,74.95816925390497,True,False
31413974,District 28,City 57,2020-04-14,404801567144667872,300150,E,66.88537880972174,True,False
36723269,District 6,City 43,2019-11-11,937180081429059807,299860,A,79.36170206696335,False,True
48489192,District 6,City 47,2021-10-06,530626643821910334,300693,E,80.14371878897191,True,False
43460596,District 6,City 10,2019-03-26,768664841632657605,300704,E,75.78962197505491,True,False
40235282,District 14,City 38,2019-08-23,183317822651521561,299110,F,94.36323705497999,True,False
22293235,District 20,City 29,2021-02-19,786644046808301538,299038,E,75.2305535162157,False,True
11273709,District 27,City 10,2019-01-15,623632729427495470,298873,C,84.57583219864928,True,False
48828417,District 8,City 46,2021-01-21,936034697374849602,300062,C,87.37671908397209,True,False
95964199,District 34,City 12,2020-10-24,382031772257522619,300240,B,92.65816099503833,True,False
14749552,District 12,City 30,2021-07-22,183277164948077486,300844,F,83.28989717763632,True,False
34792540,District 22,City 10,2019-10-07,852394489987084530,299955,E,75.84069351991924,True,False
71241253,District 30,City 36,2019-01-17,425269953240431093,299430,A,61.69551589528449,True,True
75660952,District 35,City 51,2019-04-12,939404951612731156,300174,E,100.0,True,False
11037229,District 20,City 17,2021-06-26,567066953718639694,300083,E,95.38652557409863,False,False
91548660,District 32,City 17,2019-02-14,307870114268676959,300157,C,89.7199915417681,True,False
17432903,District 13,City 7,2020-09-03,530548211262064884,299620,D,95.60378922181684,True,False
42660720,District 29,City 27,2020-09-29,259524445279985430,298635,D,84.25991348336603,True,False
82467630,District 25,City 15,2019-05-10,698050808412262589,300070,D,84.68286401247343,True,False
97219079,District 7,City 49,2019-07-14,977663008561131021,300602,B,91.27733540789492,False,False
44855602,District 9,City 38,2019-05-06,164173222750220873,299881,E,90.1749003817726,True,False
24177855,District 32,City 22,2021-09-02,333521012861847803,299761,C,76.73664538647708,False,False
63595419,District 25,City 8,2021-10-31,948759964978178063,300820,E,82.12639733371631,True,False
68205966,District 22,City 49,2020-04-16,349049902781639274,299965,D,73.81725197482851,True,False
96999033,District 12,City 41,2021-04-16,841898281065230969,299747,F,80.31012859222582,True,False
11141138,District 14,City 34,2021-03-08,779365551038104142,300992,C,87.04644943567246,False,False
74535410,District 26,City 7,2020-09-18,585979781378504421,300500,D,71.55152221592886,True,False
66470802,District 1,City 30,2020-09-08,880083303012747693,299901,F,78.62736790452873,False,False
54662369,District 35,City 2,2021-05-14,564390354248275478,299475,C,86.7348310589195,True,False
75969190,District 15,City 50,2020-07-23,609185684502150710,299686,C,76.14178743895455,True,False
99921136,District 34,City 32,2020-09-23,210032242908438456,300386,E,84.92254010263233,True,False
16841453,District 12,City 41,2019-02-25,385476099999939874,300944,E,87.90505292058627,False,False
51768687,District 15,City 38,2021-03-31,318638912937654795,300519,C,65.32204153515472,True,False
61861791,District 13,City 16,2020-12-29,312996774963978408,300822,F,95.92421092084,True,False
56915889,District 29,City 27,2021-09-25,825330370316045497,300659,E,71.9748876587823,True,False
55375496,District 14,City 38,2021-03-12,948084548519613119,300035,C,78.57563386164638,True,False
84592247,District 22,City 53,2019-11-28,186577865333290042,301044,E,80.87379246580838,True,False
86356908,District 29,City 48,2020-08-24,221368505604025523,299181,B,75.53818856986514,False,False
18381350,District 3,City 7,2020-05-02,593699505660270398,300398,D,67.19704999146335,True,False
32122440,District 19,City 1,2021-06-26,800885093955715736,300046,D,71.93456055274741,False,False
87775635,District 22,City 25,2021-04-04,956144992403082854,299739,F,76.4421832682374,False,False
16791102,District 13,City 30,2020-09-24,417455481902927647,300098,E,83.2013078058638,True,False
44862264,District 22,City 1,2021-02-24,134291703897028512,300334,D,78.61581702002793,False,False
19939027,District 22,City 22,2019-11-10,159797865962520614,300553,D,65.57211699798484,True,False
56767760,District 33,City 58,2021-06-19,859173718664390682,299644,F,74.66387110483399,True,False
26351346,District 19,City 26,2021-11-26,588737353438268052,299368,D,91.69337248527371,True,False
56620224,District 14,City 7,2020-09-02,563848052649918474,300410,F,75.4799595375248,True,False
33637072,District 25,City 18,2020-01-17,756238362898897025,299699,B,81.97577154899275,False,False
45229307,District 3,City 53,2021-11-11,921664664983074829,300152,C,94.01051626391263,False,False
41317842,District 5,City 33,2020-05-31,163006210868326272,301507,B,75.10697983023627,True,True
78729850,District 14,City 45,2020-08-12,311407147755083293,300374,E,68.59964684677347,True,False
98271668,District 15,City 10,2020-08-06,185483238235642889,299737,C,81.32223538131977,True,False
98246581,District 35,City 22,2021-06-24,415192461034831514,300098,F,81.18958303539884,True,False
21371181,District 14,City 36,2020-07-30,437311747461265080,299342,E,67.38719358417505,False,False
59019120,District 26,City 22,2020-10-12,375485821805987488,301009,D,76.7561610574028,True,False
35968979,District 22,City 12,2021-09-11,893951446533403167,299820,F,80.18099624501589,True,False
23103773,District 20,City 7,2019-12-07,352313406981952932,301057,D,80.56166895098208,True,False
68111642,District 13,City 47,2020-03-31,585040266042292129,299774,F,91.94233691772483,True,False
99537748,District 9,City 27,2020-10-04,485451175231362719,299857,E,69.65496588203348,True,False
43628632,District 6,City 27,2021-07-19,524479472935162752,299964,E,78.73150990215066,True,False
72935242,District 12,City 13,2021-09-02,726444771628307126,299972,C,67.87695489536694,True,False
58408657,District 9,City 26,2021-04-12,403918993337657536,299706,F,62.54887696394917,True,False
99839062,District 35,City 40,2021-11-08,103121136238404879,299865,A,89.81681686053572,False,False
50196767,District 5,City 39,2019-02-22,449677512369087010,299879,D,93.10947099475769,True,False
80234224,District 10,City 22,2021-02-25,720269033790326552,300293,C,77.19224698083423,True,True
34779915,District 25,City 53,2020-01-03,357652783201021022,300457,D,84.32155243121444,True,False
22201208,District 15,City 1,2020-08-24,831648209455625139,299947,F,74.26670733162385,True,False
18026197,District 9,City 38,2020-11-25,240086352074465826,300646,D,88.73017241168202,True,False
57200360,District 7,City 49,2020-06-21,701045808488881205,299750,D,75.99532670431583,True,False
12907955,District 9,City 22,2019-08-07,242375483412652713,300717,E,75.21958155284345,True,False
99151082,District 5,City 49,2019-12-09,154374526157269602,299880,C,81.0377182467348,True,False
19362234,District 32,City 22,2019-07-06,713778630378695228,300150,B,79.38492049826185,True,False
19399420,District 9,City 14,2021-07-05,285509725920504770,300360,E,100.0,True,False
36570786,District 23,City 38,2021-10-28,831697576850809638,299925,F,90.73351114511394,True,False
17303177,District 29,City 19,2021-06-27,829878061879116569,298546,C,75.32309452837922,True,False
40197602,District 17,City 34,2020-06-12,629259571915867786,300480,A,77.63385404576532,True,False
46049069,District 15,City 33,2020-08-14,101374336577759935,299165,D,82.18057633295675,True,False
63002722,District 19,City 47,2021-05-27,219940485800014442,300142,D,85.79046024693446,True,False
99099733,District 25,City 22,2019-10-12,281302008319466457,299307,E,97.90417125150485,True,False
56292554,District 25,City 43,2019-12-08,880009222499054763,301134,B,69.5761318526572,True,True
94418653,District 6,City 48,2021-11-05,782499846163719135,300270,E,81.15756937454051,False,True
96797689,District 26,City 30,2019-05-19,703492844820368948,300365,F,70.82972227160923,True,False
63528201,District 15,City 13,2020-05-23,440324808102275285,299917,F,75.05634430337913,True,False
76591204,District 22,City 34,2019-03-20,504713178094269055,300076,E,98.14242923896087,True,False
23091995,District 26,City 13,2021-05-21,159847236531602557,299852,E,94.36935310843782,True,False
22267846,District 8,City 57,2021-01-07,643036596697058913,300684,E,87.61960125648415,True,True
27598522,District 34,City 10,2021-01-15,310920617300115985,299471,D,70.14269036440831,False,False
93700271,District 6,City 30,2021-03-18,207347001859010541,300250,C,87.45991036880291,True,False
37378688,District 34,City 49,2021-09-02,398065442410008249,299383,A,79.27654078372358,True,False
29548645,District 29,City 42,2021-08-23,812159245649404396,299944,D,73.28078828601188,True,False
32265024,District 16,City 39,2020-01-29,780555076081017157,299875,E,84.5964405354299,False,False
93947650,District 13,City 43,2020-03-06,318764982885534265,300521,F,69.14006078068377,True,False
34966935,District 19,City 12,2021-07-07,307304504886741925,299839,C,84.50860957965753,False,False
90138197,District 22,City 43,2019-09-23,902434942296900035,299742,D,81.98999532907082,True,False
36286137,District 12,City 39,2019-06-05,881525072758587896,299648,D,87.79611046178745,True,False
19280379,District 9,City 2,2021-09-09,596300252124093604,300291,D,85.57241800525873,True,True
23466957,District 29,City 15,2020-08-03,171221691263149442,300886,D,62.89677098575248,True,False
51164826,District 28,City 47,2019-05-23,598403992177380475,300376,E,88.51357527960901,False,False
30693557,District 26,City 48,2020-09-15,347402475603445018,300215,E,85.5973438038199,True,False
35937498,District 5,City 39,2019-01-07,250557426483204865,300465,E,87.98326213531914,True,False
88156636,District 12,City 47,2021-08-23,720641390110307017,299957,F,84.92050148086253,True,False
35007637,District 25,City 14,2019-07-20,273448946174382500,300388,E,83.00770078638774,False,False
14606551,District 26,City 43,2019-06-21,934980171389679688,300466,F,82.71067875714337,True,True
24747883,District 26,City 12,2020-07-19,481687049075233414,299600,D,74.30601610446983,True,False
68341575,District 16,City 38,2019-08-22,849704002648807089,301279,E,88.50772203165417,True,False
20939267,District 19,City 43,2021-05-29,513659131138879973,300216,A,68.995310536397,True,False
49013560,District 14,City 56,2019-09-15,568794919897593806,300180,F,94.93378303779141,False,False
38998407,District 9,City 49,2020-03-21,601423732619301998,299622,C,83.03601008086729,True,False
80310047,District 7,City 39,2019-09-26,964017401868336942,299916,E,81.39826087737424,False,False
57090303,District 34,City 10,2021-03-28,780251678816076045,300284,F,78.55820583155122,True,False
19549831,District 9,City 2,2021-05-29,651698283027777120,299645,E,89.40536557123562,False,False
62152934,District 9,City 27,2019-04-29,811982151748868555,299526,E,80.79126212215795,True,False
97008034,District 24,City 41,2020-11-01,754327005331917280,299573,E,96.33642676435069,True,False
16994755,District 27,City 32,2019-02-08,872794203681158415,300477,C,81.02634689435415,True,False
75861014,District 9,City 21,2020-07-17,151970881982749497,300372,B,80.02315262593989,False,False
89946352,District 32,City 47,2020-08-26,950085151230798826,299135,E,78.01879748931154,False,False
34255319,District 3,City 14,2019-01-17,113283072412002560,299591,F,88.7356123274055,False,True
14029244,District 19,City 3,2019-04-16,484941507283081715,299400,B,85.13810677206358,True,False
41332920,District 17,City 49,2020-05-22,961087336320513266,300098,E,66.85402717115608,True,False
50862201,District 28,City 30,2019-12-04,632956223415133351,300001,E,83.58178732623622,True,False
22513988,District 34,City 13,2021-04-01,758607963600375524,299980,D,74.98909787959906,True,False
87761583,District 29,City 43,2021-09-28,430665164660334854,299445,F,90.57414996239312,False,False
31733223,District 20,City 54,2019-11-24,585418790083475832,299663,C,82.15770509610171,False,False
69630974,District 29,City 43,2021-08-03,400521744635308058,299025,C,84.84032136390532,True,False
57487660,District 16,City 47,2019-06-24,931922480978017269,300533,E,75.16428628320345,True,False
46454676,District 29,City 22,2021-04-28,722259112207958844,300104,C,76.16013746570383,True,False
35957692,District 9,City 18,2021-01-10,166290239630990878,300423,E,82.37792705551287,True,False
70377857,District 24,City 49,2021-11-22,371929713190375251,299402,F,82.46355516469245,True,False
53478600,District 12,City 55,2020-03-03,504406532800025851,299249,F,97.67213429982111,False,False
90739000,District 14,City 58,2019-12-08,241901645281913142,300004,E,54.71384569031366,False,False
31382125,District 17,City 54,2019-02-07,353477981797559154,299669,C,89.79867123882441,True,False
88292350,District 9,City 47,2021-10-31,882561484228248159,299275,B,72.5190456809953,True,False
43133837,District 17,City 34,2019-05-06,601820720698937226,300196,F,84.33651462433671,False,False
16599558,District 9,City 22,2021-06-05,403669885693217592,299289,C,73.13448286491933,False,False
16090052,District 29,City 10,2021-03-02,177146544837530830,300009,D,82.2236935160495,True,False
37247072,District 22,City 47,2019-12-11,874137026976296907,300103,B,99.02520228102118,True,False
51117928,District 32,City 42,2020-02-17,405811852561006631,299824,B,66.89333580966974,True,False
72212651,District 22,City 57,2020-04-08,420241728356489384,299951,B,90.61489458082279,True,False
94535330,District 20,City 15,2019-12-30,829524908528963920,300442,E,80.91473588445437,False,False
97881936,District 24,City 7,2019-01-04,683299559512281368,299873,F,89.39551736895419,True,False
35356653,District 32,City 41,2019-11-03,876443114816812927,300470,D,58.32843270272497,False,False
65392693,District 24,City 10,2019-02-09,908576059692535573,298846,F,73.9233780256513,False,False
39972390,District 12,City 21,2019-11-26,482385363064694835,300646,B,64.64500218767529,True,False
12690831,District 13,City 10,2019-03-06,984157189547345026,300734,D,86.79036977627571,True,False
79413061,District 28,City 48,2021-06-01,679456443300056934,300224,C,77.20208779009734,True,False
32363893,District 20,City 47,2019-04-27,588327745547781186,299578,B,88.62900409254212,False,False
50997269,District 9,City 12,2019-07-09,531286017272047529,299591,F,76.14213129466933,True,False
68903887,District 7,City 41,2021-11-05,256919074370417074,300682,C,50.203290622452144,True,False
91859135,District 34,City 7,2019-02-15,253726897190494796,300478,E,81.88283417130448,True,False
20192893,District 3,City 14,2019-12-07,717887512335529719,300662,E,72.26677462600911,True,False
49912156,District 3,City 13,2020-02-04,374527288461272520,299585,F,68.50707429341546,True,False
12023247,District 6,City 8,2019-10-07,394022748230630747,300793,C,91.61771244495336,True,False
28735078,District 34,City 10,2020-07-22,460725985689332325,299327,B,71.78231344394148,True,False
25192464,District 6,City 17,2019-11-12,366456225930387463,300048,E,79.36306622982598,False,False
56730546,District 29,City 13,2020-03-14,309449375982937986,300398,E,65.88342631974136,False,False
65406533,District 5,City 14,2019-04-06,736406356723481380,299979,E,95.18282143657865,True,False
80588175,District 35,City 22,2020-03-23,889293966940402438,300086,D,92.58304696170788,True,False
85143232,District 9,City 41,2020-05-17,868518328417762724,299458,B,70.92094384949289,False,False
86819276,District 9,City 36,2020-06-22,986287934664129321,300000,D,65.81763866405267,False,False
37809319,District 33,City 10,2020-03-13,645264355639155354,301456,D,71.02073123206844,False,True
64750592,District 6,City 14,2021-08-05,808229623442221383,299824,D,91.41830002640636,True,True
94938799,District 3,City 10,2020-03-10,924385807456649526,299615,F,71.22386974155263,True,False
91430573,District 22,City 20,2019-06-08,810452490113492828,300592,E,97.31721933970553,True,False
11932113,District 29,City 22,2020-04-20,766862275656249141,300415,B,80.34469135376607,True,False
95457969,District 29,City 47,2021-08-19,303668544055114367,298836,F,97.55057849832266,True,False
17774156,District 7,City 17,2021-09-29,714910568021196000,300471,E,74.24289849429276,True,False
19455550,District 35,City 49,2021-12-13,467257711028609700,300471,F,68.32293327081464,True,False
76850083,District 24,City 50,2021-02-22,551725711465730642,300774,E,84.11355488271951,True,False
56342256,District 11,City 43,2020-04-26,342906895930204977,300840,D,55.01681166350867,False,False
97435674,District 2,City 39,2021-02-09,795087492359926000,299654,D,64.99059527842994,True,False
95970987,District 29,City 33,2021-08-20,492362337014554263,299391,F,84.00923833517467,False,False
22135696,District 14,City 54,2020-11-17,717415868955522477,300097,F,98.09400483729245,True,False
39858971,District 14,City 18,2021-01-15,800753562613788957,299744,A,80.00688518849128,True,False
29259041,District 29,City 49,2020-03-20,696854395635244370,299134,F,79.99287885842175,False,False
42654191,District 25,City 39,2019-07-04,674183892250909960,299861,D,83.06762059802668,True,False
98186094,District 26,City 32,2020-01-21,915636025845334955,299628,E,82.04604884342007,True,False
62212512,District 12,City 7,2019-08-31,298586518187254904,299763,A,72.1348941824554,True,False
50040881,District 9,City 14,2020-06-18,505415186473361092,301144,A,89.20576132472513,True,False
84690705,District 35,City 22,2019-02-10,224138706535422877,300290,E,61.089244594579775,True,False
23098021,District 9,City 10,2019-08-12,157046875794397691,300542,B,59.52696094738891,True,False
51604701,District 24,City 27,2021-12-13,104328170508454033,299862,D,83.33637819823983,True,False
42032029,District 5,City 7,2021-11-23,807105482337283162,300198,B,87.57925660381511,True,False
24252411,District 29,City 30,2021-12-03,955028602218237537,299595,F,68.8102899403826,True,False
14568460,District 14,City 7,2020-03-21,605312707969081268,299996,F,100.0,True,False
71550930,District 16,City 42,2020-10-21,198882645355203066,300287,E,91.61683092399551,True,False
49889980,District 15,City 22,2020-02-14,582116366360469386,300359,E,84.7910032070397,True,False
89328097,District 3,City 41,2020-07-30,452451138029397699,300653,C,87.29897786491024,False,False
25492697,District 3,City 10,2021-04-10,693145914341911544,300150,F,87.19095110950339,True,False
88566420,District 22,City 48,2021-08-17,728825109784164403,300723,A,81.55716613551424,False,False
56839662,District 20,City 8,2021-08-06,154921597172624573,300188,E,100.0,False,False
62471141,District 16,City 1,2020-09-11,117677228492803734,300617,C,83.08628093110377,True,False
85944412,District 24,City 34,2020-04-04,543435830538967141,299236,F,79.78000917021294,True,False
93071009,District 7,City 8,2019-05-19,392698963420394195,300190,B,83.93543689686695,True,False
98756987,District 24,City 20,2020-01-02,476739513442913755,299347,F,94.90161044000408,True,False
81406380,District 7,City 41,2021-12-07,621699151047696035,299848,B,90.03943856389598,True,False
19384957,District 15,City 22,2019-07-26,979532599055669237,300609,C,96.05750848343712,True,False
16123418,District 3,City 32,2021-03-03,271805397125973850,299336,F,85.99884883343427,False,False
26230857,District 13,City 39,2020-08-06,421431151108646107,298532,C,76.90925949936003,True,False
27641909,District 25,City 30,2020-06-08,513161396902447837,300701,D,83.52174465036438,False,False
55990649,District 9,City 54,2020-04-15,667997527055661065,299738,D,55.32730798431335,False,False
81271197,District 33,City 55,2019-11-15,417035632959773456,299926,F,65.6933670661041,False,False
81713809,District 27,City 47,2020-05-20,897922623595463045,300540,E,78.40259357624822,True,False
73421206,District 9,City 49,2019-03-24,733832919756169675,298574,C,80.90268430667776,True,False
25269397,District 12,City 26,2021-07-01,514941466821369300,300264,C,79.31707281896591,True,False
68388666,District 6,City 40,2019-08-09,765763293071961530,300417,D,71.4909782824817,True,False
89019544,District 32,City 22,2019-04-03,138819123648114995,299824,B,75.10455900734408,False,False
71000660,District 22,City 39,2020-11-14,227136317229317988,300161,F,86.04973412012902,False,False
98132131,District 3,City 39,2021-01-05,200965917127817127,299009,F,77.31701349762412,True,False
86749405,District 22,City 39,2020-04-04,966037641319230019,300148,F,85.95654153257414,True,False
62992514,District 6,City 36,2021-10-31,143688314240271618,299498,F,87.21863256114004,True,False
84301664,District 9,City 12,2020-07-16,674072350283879976,300655,A,78.24403862112548,False,False
57377398,District 5,City 17,2020-07-22,774788080591299684,299685,E,76.58088108751708,True,False
32419802,District 28,City 19,2019-09-20,425709374065678064,300196,D,100.0,True,False
81350784,District 16,City 41,2020-07-09,992104790093956858,301443,F,77.23337183186518,True,False
86353272,District 12,City 40,2019-11-17,698371046016019497,299547,A,78.80017597814259,True,False
46061366,District 15,City 13,2019-03-27,522855487304261267,299611,C,76.97173720258954,False,False
94602975,District 32,City 1,2020-11-09,812049641992506179,300083,C,86.54333881001504,True,False
65873115,District 22,City 7,2021-12-07,462179759816708237,299334,B,67.03528884942612,False,False
24049627,District 14,City 36,2020-12-16,836788827437932217,299949,F,82.17503956769079,False,False
70169591,District 35,City 58,2020-09-05,285558007878528165,299818,D,92.93823393732347,True,False
88115682,District 9,City 49,2020-07-28,350118015417693571,300114,B,90.82731872512701,True,False
57475408,District 5,City 54,2019-04-02,918805357533303188,300771,B,97.57236778141495,True,False
30352218,District 15,City 39,2021-07-28,575799800842763402,300066,C,95.15175610965869,False,False
61934077,District 14,City 27,2019-01-24,245294058543554450,299599,E,81.21524800357939,False,False
31467759,District 5,City 40,2020-02-23,263838270076792171,299909,F,88.46556472413656,False,False
12232084,District 15,City 49,2020-08-13,318012104577930520,299837,C,100.0,True,True
94449069,District 5,City 40,2019-11-17,939585601175969792,300247,A,84.25741127831692,True,False
77795702,District 20,City 22,2019-08-30,538658881995749729,299475,A,65.00106995903643,True,False
32099339,District 3,City 10,2021-06-29,768108236343340770,301104,B,70.3463974292078,True,False
82178609,District 19,City 54,2021-05-02,278746796761941699,300745,F,67.99254094376849,False,True
59591315,District 31,City 10,2019-03-19,162817523014762108,299908,F,69.59443693689187,False,False
99901061,District 22,City 34,2020-05-04,684833528793990076,299981,F,93.34275129532986,True,False
38155636,District 32,City 22,2019-08-08,375546779633694063,299363,D,85.05141911603566,True,False
50207871,District 29,City 16,2019-10-23,681032018481764437,298743,D,73.06332915849696,True,False
58089037,District 20,City 38,2020-02-26,317964767250839951,299863,F,78.57959373445162,True,False
19362406,District 7,City 36,2019-12-04,208647376505974375,300927,F,85.20090875631172,True,False
87324383,District 34,City 36,2019-04-19,979026706477935466,300418,D,85.82599369695508,True,False
60486907,District 22,City 6,2020-08-19,429393115946190419,300097,D,80.29363767876906,True,False
33912711,District 7,City 42,2021-10-20,829507722670823397,300813,E,86.94862644153594,True,False
93363287,District 9,City 47,2021-11-23,477650972885953159,299985,F,91.88427998466098,True,False
16978909,District 24,City 39,2021-03-06,637795279980252874,300698,D,64.98688453882814,True,False
48120177,District 33,City 30,2019-09-30,293464745224088406,300133,D,67.44594935219571,True,False
67576915,District 20,City 36,2020-12-05,917704215217574870,300802,D,79.17170370034783,False,False
80682044,District 9,City 15,2020-09-18,790810608460538343,300493,D,84.90140908789309,True,False
29147158,District 20,City 33,2021-03-05,371630746594847335,300135,B,95.51636350661882,False,False
22454643,District 10,City 32,2020-02-15,858417806915956203,300931,F,79.91877459357997,True,False
17342557,District 29,City 16,2020-10-25,832731088658630525,299907,E,68.68992575784739,True,False
89658590,District 22,City 19,2021-10-03,284715986190825459,300154,B,83.57913447500246,True,False
84730485,District 7,City 44,2019-01-08,507481637078396325,299286,D,78.36513846964611,False,False
15266151,District 18,City 30,2021-12-12,229107324617904229,299251,E,80.4661326972949,True,False
24039164,District 8,City 50,2020-01-15,647490669783778617,299735,E,74.0783354065861,False,False
87763216,District 27,City 55,2021-07-25,271146379575502493,299441,F,64.81251295401927,True,False
65057475,District 3,City 13,2019-04-02,243324454107233714,299473,F,71.0944108081806,True,False
73403093,District 28,City 19,2020-10-22,363985329382198565,299541,D,73.91629048376092,False,True
53306129,District 7,City 27,2019-03-31,550159682950192578,300142,F,72.48429310669667,False,False
90785448,District 28,City 55,2019-10-29,389377455892002044,299935,E,74.14449669147606,True,False
33277341,District 29,City 16,2020-12-05,205289962414553238,300131,C,89.67106588890759,False,False
29574047,District 16,City 27,2020-02-08,216861629435238821,300136,F,83.56983952537357,True,True
38171699,District 9,City 38,2021-12-13,509416545947883428,300055,C,75.4402659715026,False,False
39186193,District 22,City 1,2020-06-03,649530663736499716,300195,D,84.50755957338401,True,False
39142674,District 9,City 8,2020-11-21,907140191083459976,300427,E,75.68026373355535,True,False
99203086,District 9,City 33,2021-12-25,365042274161068652,301025,E,71.89125810953847,False,False
77221828,District 13,City 27,2021-12-22,622124824282729360,300134,B,84.39453781335288,False,False
54829484,District 27,City 44,2021-08-22,680688885710903351,300124,A,89.69474342542406,True,False
57449377,District 29,City 12,2019-08-09,342970629502084160,299374,E,81.6917367981689,True,False
99422912,District 32,City 41,2021-11-21,872847135109971202,299735,C,83.45322758247323,True,False
20359606,District 6,City 31,2019-12-31,638420669014964429,300002,A,88.14104210687123,False,False
34496376,District 27,City 22,2019-12-20,349624334883197409,299801,A,76.84922515790497,True,False
35941880,District 15,City 47,2019-03-23,164756749618415522,299722,F,85.92953463900088,True,False
16666029,District 12,City 41,2019-02-08,586215056902003036,299407,E,76.76485634476622,True,False
15692119,District 2,City 43,2019-04-16,574294724108439688,299664,C,86.00151278333172,True,False
19732299,District 7,City 22,2021-12-02,878029626641983235,299179,C,94.68061931777902,False,False
22615558,District 17,City 30,2021-03-26,440614028264386783,300071,E,74.22718239261174,True,False
66229938,District 19,City 27,2021-10-19,178557691892602661,300195,E,77.51663509462038,True,True
33746071,District 14,City 47,2020-05-08,786122890286048265,300208,E,94.73348990004001,True,False
41462720,District 29,City 14,2020-09-06,123633216223296195,299944,E,84.46873002616604,False,False
57154752,District 29,City 49,2020-08-26,170777705557237874,299863,E,81.79859140514239,True,False
71260104,District 35,City 4,2019-11-29,765078897863798093,299547,F,80.45258240583557,True,False
84302200,District 32,City 47,2020-03-04,635360464750674254,300325,D,83.27980214788045,True,False
94035456,District 28,City 33,2019-08-15,858055217068049452,299800,C,59.479634891268695,True,False
77652067,District 6,City 48,2020-04-02,900266249982142024,299740,E,75.52792796949424,True,False
41908353,District 19,City 27,2019-05-07,504606342146762073,301058,E,66.19737598850396,False,False
61107828,District 13,City 7,2019-09-15,991091562088336236,300423,D,53.79693163996761,False,False
32879628,District 9,City 7,2020-12-02,944518943643062924,299689,F,82.26482612364613,True,False
83527295,District 22,City 40,2020-01-07,915827043016468029,300283,E,79.94818798618888,True,False
58528293,District 14,City 25,2021-09-06,574020620200534447,299482,C,99.59488373166498,False,False
44196045,District 3,City 54,2020-02-18,215456742124341245,299230,F,80.2767693293296,True,False
75228521,District 9,City 14,2020-01-07,918748442604852454,299358,D,69.31115756858783,True,False
78485671,District 26,City 7,2021-11-09,990358297854574742,299629,E,94.03944322080731,True,False
55100515,District 29,City 43,2019-08-09,432003669622742551,300095,D,75.0202511351838,True,False
43464529,District 12,City 39,2019-08-08,930355916310566004,299246,B,74.59547027859527,True,False
49314976,District 25,City 25,2021-06-24,484054820818174525,300702,F,79.91673221864552,False,False
79106193,District 7,City 34,2019-02-16,742607354711234130,299851,D,62.73291732931081,True,False
65075481,District 7,City 16,2021-07-24,139109800428794076,298437,C,53.281083736123165,True,False
75917919,District 29,City 47,2021-05-19,580178521772524067,301253,C,59.97667954140065,True,False
34275210,District 5,City 22,2019-12-17,769102130625013555,299169,E,65.96801349493262,True,False
98536280,District 15,City 49,2021-07-20,521194103890553397,299628,C,79.4923233221615,False,False
52327213,District 6,City 27,2021-05-21,573787090604704705,299409,F,78.45060336254845,False,False
40711735,District 26,City 47,2020-07-20,617747610510127096,301139,E,80.40298794447965,True,False
75454615,District 22,City 43,2020-03-15,189010624041221480,300702,F,71.18340898289594,True,False
66330258,District 12,City 58,2019-10-25,970107347739074475,299377,E,71.23056846248312,True,False
87941749,District 20,City 53,2019-03-24,102182625282580833,299941,B,86.66933325911747,False,False
68513135,District 25,City 27,2020-02-13,210077064083280419,300056,F,77.9377829119957,False,False
10212310,District 22,City 47,2021-07-26,605468295651709658,299441,D,75.5721942498329,False,False
65075678,District 22,City 14,2021-12-31,454877262700985302,299544,D,99.95244856732074,False,False
50222481,District 15,City 33,2021-04-06,688930518307659954,299969,E,89.12421374950863,False,False
24410182,District 35,City 8,2020-11-30,570486352812685407,299420,C,77.087560810947,False,False
98544432,District 17,City 7,2019-07-16,233716183607237455,299664,A,76.49735490623925,True,False
77240901,District 25,City 43,2020-01-21,568954501895377758,300765,C,85.04844414096303,True,False
89755156,District 14,City 12,2019-04-19,152628650877191630,300317,D,89.12448065067926,False,False
82182264,District 29,City 1,2020-06-13,894229923873727808,300460,E,91.08147946680121,True,True
18390943,District 22,City 22,2020-07-01,379037852370288433,300256,F,90.45613103689682,True,False
57806832,District 5,City 43,2019-02-14,542484758083841140,300379,F,76.24273529179365,True,False
59358748,District 20,City 53,2020-01-20,516037435533685655,300087,B,72.67980514334178,True,True
29558514,District 28,City 47,2021-09-05,728057174506479596,300043,E,65.14636588913308,False,False
85974404,District 17,City 33,2021-02-23,478837753967512611,299533,F,82.84968488591454,True,False
15516744,District 9,City 22,2020-06-01,384659983710923783,299766,C,75.17095355515374,True,False
43378473,District 13,City 41,2019-12-13,739970587283323499,300009,F,71.71350807745438,True,False
33342333,District 29,City 49,2020-02-24,771933015970167583,300054,E,78.14755461802092,True,True
67838134,District 9,City 34,2019-04-18,576759101676448651,299866,C,71.76468273677915,False,False
25387397,District 9,City 49,2019-04-03,960897568011011772,300157,C,91.50057027462287,True,False
79166214,District 29,City 43,2020-10-07,428746406300093003,301399,E,75.5661514337545,True,False
40608571,District 35,City 15,2021-08-09,546365344236591498,300467,D,84.15287976136783,True,False
83949319,District 7,City 21,2020-04-18,709795844340231618,300158,F,71.19747435837496,True,False
70133341,District 15,City 49,2020-09-15,935727649170342847,299953,D,84.40707452909041,True,False
69958102,District 3,City 42,2020-11-08,998081154470091937,299735,E,82.11227805311897,False,False
63824418,District 22,City 49,2020-05-04,536883265565898055,299384,C,78.99805900310992,True,False
73747350,District 29,City 22,2019-05-03,461801256262905691,298803,F,78.82185153244059,False,False
22158571,District 7,City 39,2021-11-27,575158970264616102,300112,D,61.17339070544439,True,False
73349942,District 32,City 7,2020-10-07,844809666177236224,300101,C,69.91451735920188,True,False
53998560,District 9,City 33,2021-12-10,946729147265381004,299067,C,96.81164252746315,True,False
52150062,District 26,City 41,2021-05-25,903307256430447147,300744,C,79.07476239639985,True,False
91923214,District 29,City 14,2021-04-29,206007914304358718,299620,E,85.38009195044333,True,True
32654540,District 12,City 12,2021-04-17,504385215697526149,299289,F,85.40854534590659,True,False
62122563,District 6,City 17,2020-09-03,255326352906159135,299803,E,69.37172005139365,True,False
17677616,District 25,City 42,2019-10-04,867223318107048746,300298,E,73.1458905155934,True,False
44618187,District 24,City 33,2020-11-10,402154345518050958,299867,E,62.0699797423359,True,False
72849592,District 17,City 20,2019-05-25,897003504582574654,301018,E,90.56811070503616,False,False
91531122,District 23,City 39,2020-10-08,650457586468600256,299556,E,72.30275867934222,True,False
42479026,District 3,City 48,2020-05-08,541983110704656778,299576,F,65.53302507553741,False,False
37975636,District 9,City 27,2020-04-17,647115331387708969,299777,D,92.51976508069139,True,False
45215842,District 26,City 12,2019-12-22,326578205123869115,299168,B,62.94596041219825,True,True
52771551,District 7,City 12,2019-12-13,762805598420878469,300282,E,79.2155753531737,False,False
10508712,District 26,City 49,2020-04-20,512979513012948847,300313,D,85.69198820576503,True,False
17896995,District 33,City 8,2020-05-24,817728238978289329,300246,C,82.97977991630086,False,False
80255758,District 19,City 49,2019-12-31,882610205242021781,300450,E,73.24985588701958,True,False
64406476,District 13,City 49,2020-03-25,433319483712261708,300158,F,85.35854268240817,True,False
56096306,District 14,City 30,2019-04-21,945269312918462388,299519,E,74.3217047301738,True,False
25683467,District 19,City 26,2020-06-26,699068094040477872,300917,F,75.18530998696147,True,False
94601637,District 29,City 7,2021-02-09,969472139191776271,299727,F,86.92123852456331,True,False
50075741,District 12,City 39,2020-08-13,938627554832272037,300441,E,77.40744428471629,True,False
52391509,District 9,City 36,2020-01-23,661149729164494116,299689,B,79.94456357931604,True,False
37346743,District 29,City 47,2021-11-30,189611247477410184,300308,C,87.72648320600324,False,False
53301039,District 9,City 40,2020-10-22,868710881265896729,300822,C,70.67393171897382,False,False
96396808,District 16,City 33,2020-12-24,775722349869025776,300065,F,67.63968637199604,False,True
51949226,District 20,City 60,2021-02-18,461860694153770981,298847,C,94.12631852566395,False,False
89064255,District 34,City 12,2020-04-17,298188155605333540,300963,F,86.89769081169543,True,False
71718998,District 34,City 22,2019-06-13,935064498583020736,299828,B,74.85597715837419,False,False
73128140,District 29,City 27,2019-06-28,640039335013618821,299633,F,74.86025241439137,True,False
22657782,District 15,City 13,2019-08-26,577732019602389366,301316,B,80.70680563897169,True,True
14602203,District 20,City 27,2019-01-03,311385114887904175,299995,C,67.04494729573449,True,False
46129340,District 28,City 32,2019-11-12,791412485001307411,300450,D,76.0216505892568,True,False
48290568,District 22,City 34,2020-04-13,199291519388004092,298935,B,70.21699316195429,False,False
11207754,District 34,City 20,2021-06-25,677702712066511008,299730,F,75.93597282023208,True,False
56192591,District 13,City 7,2019-04-26,453941623204864629,300394,D,74.27977538142102,True,False
75981914,District 7,City 30,2021-09-12,891821945901035949,298984,C,74.39230235371868,True,False
72409096,District 22,City 41,2020-07-25,520073982400566504,299856,D,88.48408972556159,False,False
67372663,District 5,City 17,2021-08-28,617026485925299991,300671,E,83.04785305399298,True,False
38155269,District 28,City 39,2019-07-23,750533136802464393,300085,C,94.48797208073837,False,False
79559786,District 28,City 25,2019-11-25,294073474333334731,299492,E,78.0623775998868,False,False
23044555,District 15,City 43,2021-09-11,305026008390307758,299755,F,90.43657763195182,True,False
17885819,District 9,City 48,2019-05-19,281580278834762665,299367,E,68.07108446086899,False,False
56639916,District 28,City 7,2019-05-07,953901447906237425,299810,D,66.7529916134749,False,False
48831922,District 22,City 43,2020-06-16,713344721303064011,300251,F,83.27981630303753,False,False
54131939,District 29,City 7,2020-03-15,173046556043597843,299783,E,84.67342129893768,True,True
26575565,District 3,City 10,2021-01-07,821606394132399667,300537,E,85.14870012955146,True,False
57251348,District 24,City 27,2019-11-13,328658575033563755,299400,E,81.52040089408305,True,False
28028308,District 12,City 53,2021-09-30,288454330737163671,300426,F,65.05325910204292,True,False
64931650,District 9,City 48,2021-09-02,783723704383053516,299884,E,70.4286172203193,False,False
80814675,District 13,City 57,2021-01-07,246882671931285284,299942,D,80.84580688370367,False,False
28723548,District 32,City 54,2020-04-30,735411260151452005,301130,F,83.14821223216691,True,False
80435851,District 29,City 53,2019-11-15,893778239853057849,299871,B,63.267903192843676,True,False
48212802,District 9,City 30,2021-04-26,863140249637053493,300637,E,80.1882092294195,False,False
80924870,District 19,City 38,2020-10-03,461717918491570378,300023,C,76.07464523493499,True,False
51517096,District 9,City 57,2020-05-09,365663851034201375,300643,C,74.29909982957027,True,False
85959370,District 5,City 48,2020-02-25,145415290286573586,300238,F,71.22044453543424,True,False
87394506,District 22,City 47,2019-12-27,231542888296445677,300143,E,73.35876151472276,True,False
48225849,District 22,City 49,2020-07-31,630634407785675018,299890,C,83.11414152345205,True,False
85749971,District 26,City 11,2019-06-12,497590279201788720,300517,F,67.1572748496029,False,False
67008370,District 28,City 49,2021-08-21,661138071324834226,299937,F,73.70137539050764,False,False
26519356,District 3,City 53,2020-08-06,953438662725498529,299521,D,61.32761646367695,True,False
54395930,District 28,City 14,2020-10-07,702991250585464133,300120,B,74.44833875663251,True,False
28411892,District 3,City 22,2019-10-15,875304418231470110,300220,D,74.09087180617863,True,False
57182395,District 22,City 53,2021-10-06,143251957900561763,300182,E,71.12859938433814,True,False
43446859,District 3,City 10,2020-11-29,951622359422568600,299879,D,85.83073234259133,True,False
19286671,District 9,City 34,2020-07-09,137850767466130301,299632,D,91.10063955682782,True,True
49010303,District 25,City 7,2019-04-05,108239194375338982,299497,E,73.1782295598535,True,False
97442619,District 35,City 43,2020-07-31,384421690475433509,300103,F,64.25199870408056,True,False
74513122,District 25,City 49,2019-10-17,861036035595428498,299549,A,93.72201269260395,False,False
88663747,District 9,City 12,2019-08-03,198025591653636295,300493,A,85.1986171921836,False,False
73468407,District 3,City 4,2021-10-24,205383420007421602,300353,A,53.11293437776557,False,False
59003403,District 9,City 49,2019-09-05,363358971425799003,300380,A,77.29093955996052,True,False
15312925,District 27,City 20,2020-02-26,226209917852252744,300123,D,81.85913845412801,False,False
37235452,District 15,City 49,2020-01-13,337630503458505368,299579,E,74.8143161531048,True,False
15005791,District 12,City 44,2020-01-24,596662417925321112,300804,E,86.84081522358434,True,False
43609992,District 26,City 13,2021-06-23,597040458301966505,300684,F,72.85634081928981,True,False
60657348,District 17,City 29,2021-03-15,387578140379944950,299223,E,73.91949925695747,False,False
29770203,District 23,City 27,2021-02-21,525081889424858882,301201,E,100.0,True,False
14873678,District 20,City 14,2019-08-16,254737565786765035,300162,F,67.61133354509714,False,False
64985575,District 29,City 27,2020-04-09,557051136767826801,300024,D,75.05731290415554,True,False
54781801,District 14,City 17,2021-04-03,873558768211876184,299729,D,87.50800461438234,False,False
49935064,District 32,City 58,2021-05-29,543312491352175620,301177,F,91.63735500797014,True,False
94880352,District 15,City 30,2020-03-06,160697432179506399,300084,D,86.34383997663406,True,False
70420775,District 25,City 11,2020-12-01,722156732508764921,300111,D,77.97340229206488,True,False
99922042,District 9,City 49,2021-10-20,162213521674082154,300186,D,79.7550318773075,True,False
44273995,District 9,City 58,2020-07-11,161649400651477072,299759,C,98.75444651097797,True,False
13809838,District 3,City 49,2021-03-04,542673884451894321,300524,B,70.49501759656688,True,False
53954391,District 33,City 20,2020-04-26,224351761475759902,300038,E,80.94509880718459,True,False
67335866,District 32,City 57,2020-04-25,167978236831410608,301261,F,67.74342244294247,False,False
14144356,District 20,City 22,2019-02-08,398562290577603791,299608,D,69.8623325885072,True,False
38939051,District 7,City 41,2019-04-29,282127205285393647,300060,A,74.63018340603816,False,False
86586576,District 5,City 48,2020-12-22,980323883241154023,300035,D,67.07574243028645,True,True
31728391,District 29,City 43,2020-07-09,613121053031971706,300433,B,60.42698592926993,True,False
57131882,District 16,City 3,2020-04-07,844868917494025888,299522,F,80.53099413633737,True,False
65045339,District 35,City 45,2021-11-13,488497003533952875,301262,A,67.1138000433231,True,False
10375992,District 32,City 41,2019-09-28,314385568264080630,300374,C,77.72556581084287,True,False
72564467,District 6,City 14,2021-01-14,572324183033152203,299597,F,98.59027980241308,False,False
24928244,District 19,City 7,2019-03-26,257540553333750827,300640,E,67.92838255659335,True,False
80760937,District 13,City 31,2021-10-21,553875535102500490,299669,D,75.29222293698548,False,False
89263265,District 17,City 22,2019-06-30,330952976931600815,299871,F,74.82338949879018,True,False
36205641,District 31,City 14,2019-05-01,747727289423093011,299351,B,78.85896907140473,True,False
50890089,District 24,City 57,2021-05-03,245744377771821171,299821,E,69.99541491743179,True,True
24675741,District 25,City 49,2020-12-27,313877575447842087,299271,F,86.62906656014813,True,False
71621543,District 33,City 49,2019-02-20,955272537694396320,300441,E,59.51909203139049,False,False
90173161,District 3,City 14,2020-08-24,946817766689747160,299217,E,70.46689030649529,False,False
68962554,District 22,City 19,2020-03-08,172664983956187730,300636,E,78.5777500530368,True,False
80080194,District 25,City 1,2020-02-16,619670041657281317,300047,E,80.25789514343626,False,False
82852440,District 12,City 14,2020-11-04,200280111982047436,299821,F,83.65106889678778,True,False
60511771,District 6,City 14,2021-07-21,344766278246769933,299632,B,61.144957098720944,False,False
13502754,District 3,City 49,2021-07-16,386237202818125666,300094,E,82.69831588714061,False,False
44113355,District 24,City 22,2021-06-03,729059315409502745,300288,C,86.76644384908968,False,False
76580407,District 12,City 22,2019-12-07,199792591458394409,299171,E,71.90676506404814,False,False
59259602,District 9,City 8,2020-02-26,345743289396452852,300722,F,79.53518093527258,True,False
55459781,District 26,City 43,2020-12-19,159571411732711527,300072,C,91.78723048187345,True,False
18208120,District 26,City 32,2021-04-20,668053163079670917,299141,C,90.94829600471931,True,False
10532855,District 9,City 34,2021-08-12,999796115868238439,299773,B,72.66618483305407,True,True
16827659,District 29,City 55,2019-01-15,138054854456988099,299919,C,77.27828253355699,True,False
75888492,District 19,City 7,2019-11-20,900567113946672251,300553,D,78.58313659067863,True,False
42738870,District 11,City 20,2021-06-04,391293296846349862,300329,F,75.91295424752555,True,False
59416420,District 15,City 10,2020-03-22,643130030584822020,299562,E,95.88528903829041,True,False
61962324,District 13,City 32,2019-05-14,475013610440542509,299857,E,65.73140423811267,True,False
65712386,District 25,City 3,2021-10-04,324157435601858494,300129,E,73.25846961966829,True,False
70228175,District 29,City 47,2019-03-04,954896341612289834,300097,F,74.74122739264388,True,False
80782634,District 24,City 22,2020-05-03,741685848946061246,299927,F,86.05796891325691,False,False
57937762,District 9,City 17,2019-12-10,750924761405565702,299785,B,93.19547955441102,True,False
54545035,District 12,City 13,2019-09-23,573023104612473800,299453,E,74.93685216603696,True,False
19682597,District 9,City 22,2019-01-22,764526594872769550,299744,F,82.29389449724081,True,False
83665449,District 32,City 30,2021-08-06,243570695977285679,299192,E,78.2057687439011,True,False
81369257,District 32,City 47,2021-09-07,749225296674635443,300427,E,60.63394107966073,True,False
32814833,District 9,City 8,2019-08-15,254641448658209208,300068,E,80.73726513964228,True,False
19846672,District 29,City 36,2019-11-19,571790541428928296,300521,F,78.95262884276927,True,False
54887114,District 22,City 33,2019-08-18,871032640746937866,300734,C,91.93142099467634,True,False
88441508,District 5,City 47,2020-04-06,187258910685149307,299298,D,82.50544901499686,False,False
39903141,District 5,City 27,2019-08-23,654215298740526751,300016,A,76.43131418010672,False,False
31240682,District 12,City 34,2020-11-22,683250725339353163,300947,D,76.28250832489071,True,False
33221214,District 12,City 33,2021-10-22,234811065102085398,299286,F,81.35405990090462,True,False
46979814,District 22,City 29,2021-09-19,809782648819721148,299581,D,75.53440444057213,True,False
97088640,District 6,City 49,2019-05-15,184902934408115803,299900,E,86.83614009007178,True,False
21061592,District 28,City 49,2021-12-28,156332169318045061,300198,F,76.89514760450231,False,False
60009853,District 9,City 18,2019-07-13,822277868983011124,299732,B,73.5735168392965,False,False
75697218,District 22,City 22,2021-02-09,411924026902047155,300141,D,60.26365843105192,True,False
96892456,District 15,City 39,2020-02-16,620379109385454431,300002,B,69.43897697174154,True,False
30569047,District 23,City 55,2019-06-24,288434218580805670,299319,C,88.47358264929976,True,False
34461209,District 29,City 50,2019-02-23,451119132662061129,301003,E,78.65493877240128,True,False
52072990,District 7,City 57,2019-09-25,268369268854236757,300494,C,73.38153037916302,False,False
83471493,District 26,City 22,2021-10-20,186713668920004199,300063,F,74.11055000539403,True,False
70384114,District 15,City 34,2019-08-30,899674020299222571,299653,A,89.17140782409774,True,False
76352434,District 12,City 38,2021-02-09,227347267431980362,299837,E,69.1716667296055,False,False
90414951,District 6,City 13,2019-08-04,637697865779923236,299878,F,87.47721192393772,True,False
75141597,District 22,City 7,2020-07-03,838711009907384195,299872,C,82.68030250733908,True,False
92989705,District 34,City 13,2019-09-09,184755684181322184,300016,A,81.0686043945374,True,False
32547054,District 9,City 14,2020-05-08,216361376891083715,299854,E,72.0593313295972,True,False
23930328,District 22,City 51,2021-01-08,101195152979990256,300278,E,96.38275297536784,False,False
91494036,District 6,City 3,2019-01-24,556032421583109936,300230,B,87.10462157972555,True,False
74378863,District 35,City 1,2019-05-23,407894339512136296,299727,E,88.36096339430783,False,False
95959612,District 9,City 14,2019-07-29,649072494458647041,299675,D,89.28910692328527,True,False
68225769,District 13,City 49,2019-01-25,346406149745891240,299950,E,71.5553253519978,True,False
77990890,District 9,City 38,2019-04-11,615064172653038381,301026,F,76.78890706418424,True,False
10543990,District 13,City 29,2020-08-21,739689836339166978,300867,D,100.0,True,False
54547323,District 11,City 15,2020-02-13,936509867613911402,300953,F,78.42580617508779,True,False
66012683,District 12,City 55,2021-11-06,339086298908498559,300981,E,87.75206165721714,False,False
78063884,District 23,City 49,2020-10-24,768963521961452099,300330,C,74.53683067126751,True,False
54776809,District 9,City 14,2020-09-01,195397550414589205,299974,E,71.57487996007468,False,False
68558340,District 20,City 27,2019-01-24,499413677742975148,299588,A,94.86229975573417,True,False
94543913,District 33,City 58,2019-10-20,746660820868980087,301199,E,86.54303388108174,False,False
65169510,District 28,City 54,2020-04-13,457318416786876183,300269,C,82.19378650935471,True,False
91097151,District 23,City 40,2019-08-11,656203879940799842,299324,C,95.41090742622859,True,False
96076490,District 5,City 43,2019-05-25,175845890911188257,298789,F,87.51009438881383,True,False
62994098,District 34,City 36,2019-06-07,507102832869205023,299785,E,60.40751599408011,False,False
55669976,District 9,City 8,2019-07-26,537170946334881560,299185,D,87.30600008951902,True,False
19311750,District 32,City 14,2019-11-07,949311336157530152,298879,B,100.0,True,True
77635997,District 15,City 42,2020-03-10,696870838612532930,300182,F,62.861878042826255,True,False
33246833,District 25,City 42,2019-09-10,535777405030697217,299986,C,75.92151725432998,True,False
66570907,District 32,City 57,2019-08-21,912363874967618498,300341,F,70.03494582613666,True,False
73730225,District 9,City 22,2019-02-10,316698747959352990,299910,C,87.6179206065022,True,True
17755188,District 9,City 41,2020-06-23,916917225467418018,300350,F,100.0,True,False
83837929,District 17,City 49,2021-07-28,691505165241387929,300698,F,92.80451133461375,True,False
46521584,District 9,City 47,2020-04-03,876373062574957507,299732,C,90.37590016387553,False,False
13811492,District 24,City 49,2021-05-15,233381713848791407,299836,E,70.66806034747768,True,False
16998802,District 20,City 47,2019-06-12,600876254967461324,300150,F,73.81722716164231,True,False
74356917,District 29,City 13,2020-06-07,765292172562872123,299609,D,97.09520893315744,True,False
76701137,District 19,City 53,2020-10-16,827303052190755250,299878,C,74.62518016747615,False,False
11572494,District 23,City 47,2021-12-20,183573567727822053,299042,B,71.6976612116421,False,False
59212261,District 13,City 48,2021-07-02,872437082270300119,299953,E,90.14312426599562,False,False
25651162,District 9,City 45,2021-06-05,793684562736765851,300362,D,81.41705621793879,True,False
15891842,District 9,City 29,2021-11-08,248388962343196720,300215,A,71.20355980599565,True,False
48423860,District 9,City 30,2019-12-22,689372830077307471,299514,C,73.18697168660336,True,False
29122372,District 13,City 41,2021-11-27,737658846443115678,300215,F,82.90175052764744,True,False
72400454,District 5,City 22,2020-02-09,798938199094854545,301005,F,88.2479148893652,True,False
16786365,District 33,City 47,2019-03-02,197214722383584115,300130,F,93.53774885632458,True,False
78052730,District 32,City 13,2019-03-23,794793085608377246,298927,F,75.95545676517852,True,False
12604283,District 9,City 11,2020-09-17,100743184037733132,300948,E,86.7169154713067,False,False
45961781,District 9,City 22,2020-07-09,144865070313189955,299445,D,77.73348021032601,True,True
81150089,District 33,City 41,2019-11-12,976478230605183838,299409,B,79.17977330877508,True,False
32651376,District 8,City 13,2019-10-11,941808409490744729,300344,B,73.52773585650615,False,False
11688103,District 22,City 25,2019-11-04,747477543356769508,300205,A,79.07215347824717,True,False
36047085,District 14,City 1,2020-05-22,719917036242182071,299164,E,83.5384432307799,False,False
95935289,District 6,City 22,2020-11-26,929683957079975658,299841,E,66.97669157215506,True,False
37423446,District 13,City 27,2021-12-29,659765455946751663,299684,E,66.66922804077244,False,False
94446677,District 32,City 47,2020-10-03,748599639815870514,299606,F,93.83015519111932,True,False
23883115,District 23,City 14,2020-07-26,606155274582452161,300102,F,95.82695652350823,False,False
11492013,District 15,City 7,2021-01-22,477370144380257439,299061,F,77.07522830938434,True,False
56407478,District 7,City 18,2020-08-15,499587704517549057,300205,D,74.89427080969588,True,False
24919500,District 29,City 27,2020-09-19,991791329673918431,299580,B,89.89334977391373,True,False
47211603,District 7,City 41,2021-09-20,829109372585245885,300032,D,96.43906317740094,True,False
36582354,District 6,City 34,2019-04-07,863523808911370913,299207,E,85.50087169844713,True,False
85502169,District 29,City 36,2020-03-20,770950078980567589,300416,C,67.8895514024805,True,False
29213566,District 18,City 22,2019-11-07,198627627248436205,299421,E,65.12679210940514,True,False
96115177,District 3,City 12,2021-03-02,477610069657749235,299843,E,79.5008868266854,False,False
28420113,District 20,City 43,2020-03-08,213130036587370972,300015,F,76.61693065357767,True,False
96829072,District 26,City 13,2020-07-02,538107635275114231,300413,F,84.2270701635599,True,False
90674395,District 34,City 53,2020-05-09,575227884166487659,300431,E,76.99383542097154,True,False
36512312,District 33,City 57,2019-01-05,766509369140233554,300335,E,67.2085973126952,True,False
28021629,District 9,City 53,2020-12-07,936298546245877514,300408,F,63.557906950517854,False,False
15725230,District 25,City 38,2021-06-25,897092986634387563,299296,D,100.0,True,False
25095201,District 6,City 20,2019-08-18,117101689149866775,299830,D,83.2322442199196,True,False
31509102,District 25,City 21,2021-11-18,170201208216358263,299141,D,80.28547795558998,False,False
15573388,District 25,City 39,2021-01-01,425047018144280646,300875,E,80.81368717747256,True,False
73825808,District 26,City 8,2020-03-07,654360285701500228,300255,D,83.26959942047932,True,False
19079505,District 6,City 38,2020-04-04,287363030274433105,300478,B,82.96681702957589,True,False
56509161,District 32,City 13,2021-02-06,931760977486118816,299664,C,72.03597758506632,True,False
49478426,District 34,City 17,2020-09-03,274101639635132780,300009,F,87.43851983652088,False,False
23655317,District 11,City 49,2019-11-11,317833198801090490,299891,E,78.24421573661722,True,False
10341636,District 26,City 19,2020-04-20,642734447949030916,297950,E,94.80290879361823,False,False
10319710,District 7,City 17,2020-04-06,947848952002327982,299732,F,72.80226324223695,True,False
53432806,District 24,City 20,2021-06-06,965329544766420955,299380,F,58.84404529999652,False,False
83042676,District 3,City 10,2021-03-01,182474355982951275,300583,C,60.8857216344145,False,True
11014081,District 9,City 47,2021-08-16,731187758449947064,300106,B,62.5425920808654,True,False
85677009,District 24,City 14,2020-04-08,641284300802282601,300460,A,75.35951110604883,True,False
93117433,District 32,City 12,2020-11-02,639717167652308036,299351,E,98.24850848620567,False,False
66042868,District 9,City 39,2021-01-06,813097070772063759,300051,B,83.85871905413063,True,False
86194850,District 6,City 33,2019-01-24,696083812037395387,300659,E,75.45637985779882,True,False
54659810,District 27,City 24,2020-08-15,734940832687153227,299964,C,97.75579192568374,True,False
69432677,District 23,City 14,2020-06-26,493233898520632919,300601,E,76.87827036388924,True,False
75209916,District 9,City 37,2020-07-19,798450455125969567,299163,B,92.75441271782867,True,False
56831247,District 32,City 32,2019-04-22,165857120644133040,301129,D,82.5834814832524,False,False
15141998,District 23,City 51,2019-07-06,421227536930084041,300768,D,83.8445501814835,False,False
33865918,District 6,City 3,2019-11-15,524001412500883194,299441,D,94.79774483567698,False,False
94337379,District 6,City 29,2019-07-25,217136655898170725,299671,F,87.08579875794959,False,False
41087149,District 28,City 4,2020-06-05,876062063480066345,301325,C,86.07428610573709,False,False
91891084,District 3,City 38,2019-07-16,592205399917526460,299467,D,81.87882316946028,True,False
79027371,District 7,City 17,2020-10-02,359971112943286122,300186,E,74.79579277553515,True,False
52590644,District 23,City 15,2021-07-28,298753537967907737,299964,C,88.22880106058301,True,False
92410636,District 25,City 17,2019-05-08,726649234269458802,300596,E,70.38046377608697,True,False
54413514,District 25,City 33,2021-10-21,644020282121397107,300251,B,74.07806244569356,True,True
89091317,District 28,City 6,2019-07-22,431944356980843804,298427,B,70.13041624248619,True,False
78797871,District 33,City 22,2021-12-05,665959229215484269,300458,F,71.79917889211708,True,False
67810749,District 14,City 32,2020-02-27,151509533871056658,299691,D,84.24930386540619,True,False
87277278,District 12,City 19,2019-09-30,375548361857426055,299657,F,88.41593316229242,True,False
48883408,District 13,City 38,2020-08-04,905470708516572951,300378,B,83.5664891171824,True,False
48695260,District 20,City 32,2021-11-06,434666381525652451,299602,E,71.4317442299891,True,False
25800487,District 24,City 40,2021-12-27,192930893499519331,300272,E,84.19645354298186,False,False
12077122,District 20,City 31,2020-07-23,694831656228342603,300114,E,76.86305877254078,True,False
46001282,District 14,City 20,2021-11-19,513635939809836770,300039,B,69.91851101063854,True,False
35756305,District 24,City 22,2021-08-04,296595601525383883,299870,D,87.53786314806254,True,False
75052058,District 35,City 14,2019-04-02,495667138887002077,300737,E,76.06582740032563,True,False
54107303,District 26,City 49,2020-03-16,428205841303993462,300146,C,77.68044091993723,True,False
76436155,District 9,City 32,2020-02-11,637832873050731865,299364,A,99.92058056565293,True,False
21438495,District 6,City 49,2020-11-24,982250857523698701,300470,D,89.1459705015625,True,False
43502386,District 29,City 42,2021-06-24,523812955378098688,300325,E,73.7181305671131,True,False
16489155,District 9,City 42,2021-04-27,389327851768375311,300576,F,80.89707925336403,False,False
78480398,District 5,City 40,2020-12-03,232320339389313708,299837,E,74.20134401980104,True,False
97264031,District 12,City 10,2019-03-17,305590320179433373,300208,F,71.13172456150885,True,False
87888594,District 24,City 1,2021-11-19,179642017518371103,299904,C,100.0,True,False
43829052,District 9,City 30,2021-11-17,567777956423799988,300690,B,69.53651877730393,True,False
69002441,District 32,City 41,2019-05-30,112720966930631117,300657,C,61.84653051573759,True,False
44229230,District 9,City 14,2019-08-18,788693439590118112,299206,F,79.92839364148207,True,False
36005163,District 2,City 27,2021-09-22,479383884527529375,299787,E,73.4160559009013,True,False
44654193,District 7,City 27,2019-09-09,619148566506627846,299361,F,69.85758427179262,True,False
42816086,District 34,City 30,2020-09-26,434618627024809784,300305,B,75.61006910108865,True,False
87222240,District 8,City 7,2021-08-31,806168529939719363,300527,F,91.30234950104989,True,False
53844257,District 33,City 17,2020-06-12,211349813478097185,300850,F,100.0,False,False
32846811,District 20,City 54,2019-03-12,561687648035153037,299586,C,94.58093700704238,False,False
90278699,District 12,City 30,2020-09-23,469139454750464166,299440,F,58.094440338249115,False,False
60849100,District 9,City 54,2021-02-05,429534543458267237,300117,A,83.79219092269535,True,False
88459619,District 29,City 41,2021-08-16,730440990431044731,300201,D,76.99580874075119,True,False
42422966,District 3,City 54,2021-11-06,429731755898492151,299724,E,81.20691308296696,True,False
95095552,District 5,City 12,2021-02-07,737805324184823802,299624,D,85.65406075274049,True,False
35175451,District 9,City 53,2019-08-10,644610119192707911,300135,F,66.54594492837592,True,False
79958832,District 22,City 14,2019-09-25,147657657442684996,299540,D,67.62084015489468,True,False
12351826,District 22,City 33,2021-12-07,395622120326941648,299670,D,91.5230700020709,True,False
57365022,District 5,City 30,2021-05-11,523722959891698277,300104,F,78.43960132693363,True,False
62922126,District 7,City 1,2020-12-12,955118595208228729,300331,A,88.34105546175385,True,False
18718566,District 26,City 42,2020-12-09,856509283126568176,300333,F,83.79584536980435,False,False
41013727,District 9,City 48,2019-09-19,137352866164505496,299816,C,70.09947361335495,True,False
69500241,District 34,City 18,2019-11-28,792864555206106416,301033,F,70.91080680719578,True,False
20770050,District 15,City 22,2020-10-07,252991585209429790,299849,E,88.2164523269096,True,False
38203004,District 32,City 35,2019-03-17,156348449667926924,300206,C,71.49925087855672,True,False
42858566,District 29,City 13,2019-05-16,949373758926321217,300465,C,82.99646796757179,True,False
68559467,District 26,City 30,2019-01-24,214805439006732238,299832,E,95.60606775986876,False,False
82485207,District 6,City 12,2021-07-08,333058010742451113,299780,B,100.0,False,False
34136486,District 6,City 27,2021-04-06,383100267804705680,299796,E,76.44618413755171,True,False
22927641,District 12,City 1,2019-09-16,377467294341658711,299789,D,65.43581111692627,False,False
87541626,District 22,City 39,2019-03-07,288221883690209361,300482,E,83.08277066238576,True,False
89076717,District 7,City 31,2019-04-07,672635637109048457,300533,E,82.44820335042974,True,False
18131788,District 26,City 7,2021-06-14,199376306339039463,300196,D,75.97290312115459,True,False
84709040,District 14,City 13,2021-07-08,712482624331120847,299720,E,99.62576067755316,True,False
51198295,District 14,City 1,2019-09-26,139100580023749005,300133,D,79.22586449226095,True,False
99399924,District 29,City 53,2021-02-25,962430178653902093,298686,B,84.08686733100593,True,False
67846208,District 29,City 38,2021-09-10,322036522726411772,300259,E,72.99935730136744,True,False
59980185,District 28,City 33,2020-01-06,538655460122838177,300116,D,73.49211688082472,True,False
14377783,District 14,City 17,2020-01-14,357778265025624367,300972,F,63.385580173442214,True,False
77939233,District 15,City 34,2020-04-26,896460981629269086,300631,C,78.37419839798314,True,False
15648037,District 19,City 49,2020-06-23,278273595035894399,299511,B,86.00534981312707,True,False
93776383,District 17,City 7,2019-03-02,199807798420027434,299510,E,100.0,True,False
90327730,District 26,City 25,2021-02-14,241675654524963078,299839,C,75.97647945673886,True,False
41390756,District 33,City 57,2021-03-30,274099341771520367,299147,D,90.63692696375318,True,False
90180826,District 9,City 50,2019-07-21,846553645178091775,300197,F,75.37896783707805,True,False
74353785,District 25,City 7,2021-01-03,440201672067370172,299594,B,76.75202508908909,False,False
21722781,District 26,City 53,2021-07-22,841305384823148146,300290,B,76.80311022830274,True,False
26652643,District 15,City 38,2019-11-26,626955510830227461,299830,F,74.24184220255418,True,False
68641349,District 12,City 1,2019-04-28,102080023147733387,299974,D,73.65281970297305,False,True
17493175,District 29,City 50,2021-12-29,273813183226195920,300399,C,75.66843739642366,True,False
56774496,District 9,City 41,2020-06-11,801039597993838161,300540,C,52.28531037321094,True,False
83622430,District 6,City 15,2020-04-27,213292741979599065,299475,F,82.40358553598335,True,False
76177573,District 26,City 49,2021-07-18,525232129225604851,299728,E,87.25954545628625,True,False
71785000,District 3,City 54,2020-09-04,660747063297767145,299815,B,81.8513084198798,True,False
24125164,District 16,City 39,2021-07-11,719437757383379416,299405,E,81.08706942167672,True,False
95778954,District 9,City 49,2021-12-01,748995359801224275,300192,C,100.0,False,False
81343672,District 22,City 39,2021-01-22,372788509410614124,298704,E,84.79203615697875,True,False
72824492,District 29,City 12,2020-09-20,423466589962143636,300158,D,73.56496478705941,True,False
47106495,District 12,City 39,2020-04-04,549839430276699807,299430,F,78.94475323285998,True,True
94996775,District 8,City 49,2019-08-09,748653985042431310,299492,E,71.23727495182683,True,False
91392096,District 6,City 21,2019-05-06,712171621015343996,300228,D,84.08440747677508,False,False
70282489,District 3,City 10,2021-02-13,194168151193282091,300042,F,96.33829331613663,False,False
79415537,District 27,City 21,2021-03-06,253836789619347059,299009,F,65.16561200893878,True,False
74463075,District 6,City 30,2020-08-24,862421618866497965,300251,C,67.91450551172427,False,False
33366826,District 34,City 20,2020-06-17,644560319780298608,300402,E,82.81558459134602,True,False
96491767,District 9,City 47,2021-03-09,479254237199033745,299489,D,93.3479403200141,True,False
70078743,District 22,City 39,2019-09-17,436338145018737034,299823,F,75.86424071525666,True,False
71898906,District 32,City 43,2019-08-29,917702645359642358,299401,C,92.29100228622391,False,False
29238274,District 22,City 22,2021-12-08,837261392179199468,299695,C,81.84980110373462,True,False
46643237,District 22,City 47,2019-02-14,554745865542711287,301021,E,82.3083630857561,True,False
64891599,District 9,City 49,2020-02-18,503992520093121469,299944,B,62.62882972433876,True,False
80661795,District 9,City 12,2020-09-30,276404049058496473,300084,E,84.66875545770942,True,False
24924343,District 32,City 54,2019-05-17,637075719196289666,299127,D,85.55223181027613,False,False
71884087,District 21,City 33,2019-12-30,538781111049629474,300508,C,88.3664527493198,False,False
24302506,District 7,City 14,2021-04-07,505231115790571783,299418,B,90.49433717941824,True,False
67868639,District 32,City 27,2019-07-26,396820436883883352,299648,A,80.49604763975577,True,False
28704102,District 3,City 43,2019-08-27,641027577672760706,299727,F,76.23668728181386,True,False
75014139,District 9,City 22,2020-08-15,288771209596842772,300455,B,96.23151358369356,True,False
23375310,District 12,City 12,2019-02-27,637368919423817721,300690,C,78.57847251741758,True,False
40732658,District 27,City 7,2021-03-31,284821297950082912,299906,C,79.25568585887255,True,False
22154348,District 6,City 38,2021-01-30,974299480673233008,299440,D,95.58624247613267,True,False
71895322,District 32,City 39,2021-04-06,475746237961076134,300040,C,73.39749264526627,True,False
27929468,District 29,City 22,2021-07-23,358709412544253585,299135,F,71.53334299316488,True,False
16621881,District 9,City 49,2019-03-16,259472650435635558,299873,D,89.27839356981158,True,False
69619317,District 27,City 27,2019-12-25,461873396694315843,300225,B,65.10194051498301,True,False
84164648,District 25,City 58,2020-08-11,349860645792392855,299290,E,68.44918548929861,True,False
49610511,District 14,City 17,2020-10-09,788722876401126101,300193,B,78.69909713242969,True,False
85324715,District 35,City 10,2020-06-05,519929772447804889,299150,C,69.5075875434192,False,False
39967039,District 35,City 1,2021-08-21,563640787242670125,299924,F,60.0441886812512,False,True
37339216,District 3,City 22,2020-12-23,922559460153661056,301014,B,98.76689745308126,False,False
37576813,District 2,City 50,2019-10-04,313451991184030697,300193,C,69.60600043642523,True,False
99508615,District 9,City 14,2019-09-06,533629836517156389,299598,A,72.9514095156432,True,False
77818256,District 28,City 47,2021-08-22,419679163666528648,299956,F,84.66199327929549,True,True
15765996,District 3,City 43,2021-10-11,101845014049344365,299929,E,70.29802760715572,False,False
60247355,District 22,City 55,2021-01-30,443994994162244577,300440,E,64.44825833637168,False,True
66855754,District 28,City 27,2019-01-14,102474115993757971,300725,E,83.2835098562419,True,False
62495329,District 29,City 3,2020-05-19,345933360345712791,300003,F,82.22810098178664,True,False
58887714,District 32,City 48,2019-06-14,330801385201666213,300468,C,82.1793387388332,False,False
34758829,District 15,City 16,2021-11-24,730558803219280766,300255,F,70.29730699709671,False,False
32706341,District 9,City 55,2021-05-11,514935586650891903,300582,C,88.98801323145912,True,False
88052682,District 22,City 14,2021-07-25,649707870169917280,299928,E,90.64662834474389,False,False
56366851,District 5,City 43,2019-09-04,794760389025147674,300158,F,60.96018395427059,True,True
28704545,District 6,City 43,2019-02-08,966082583133210522,300203,F,86.6268077218817,False,False
72915454,District 24,City 46,2020-11-10,196695108147510611,299550,D,74.38391179775638,True,False
55814190,District 15,City 10,2021-10-21,583825636185234802,299470,E,84.8727858564047,True,False
57217042,District 7,City 30,2021-06-30,178748460387379400,299516,C,67.57225636408137,True,False
71020236,District 9,City 30,2019-04-15,235606123214741971,301465,A,90.59106786746759,True,False
37847519,District 12,City 55,2020-04-27,538383954407383820,300266,F,90.5371409847247,True,False
86071347,District 26,City 18,2020-03-12,144641922612149785,300090,E,75.48311160162811,True,False
76088888,District 12,City 43,2021-10-12,464562047343927529,300539,F,82.14215864154595,False,False
30894693,District 32,City 7,2021-07-06,953933358905045959,299944,E,82.26675257821277,True,False
76403128,District 34,City 47,2020-04-15,318609785067446698,300467,E,62.263327374394,True,False
88002889,District 9,City 41,2021-06-02,114932402722705428,300434,F,72.04597415174098,True,False
73446956,District 3,City 12,2019-03-12,320825930522563490,298832,C,88.62630489312606,True,False
46038224,District 25,City 3,2019-03-13,811837491011958564,300433,D,96.8079598718137,True,True
48719581,District 6,City 55,2020-11-16,417969086385175664,299923,F,83.13781446970854,False,False
78122490,District 9,City 57,2020-01-16,917659197370024926,300151,E,94.75366268364122,False,False
86784527,District 29,City 49,2021-06-07,779636587360525277,300302,C,82.2712904939544,True,True
67261584,District 32,City 54,2020-10-06,920071147369208664,300187,D,67.38212762492401,True,False
79904386,District 9,City 22,2019-09-20,766264513171763969,300595,D,63.04294431722191,True,False
69167832,District 12,City 49,2020-12-15,717286400066640669,300254,F,92.7277347057473,True,False
75946371,District 32,City 47,2020-11-12,629943760989441746,300603,E,74.22205914055291,True,False
18298096,District 14,City 12,2020-09-12,950876697547520771,299734,C,76.37233254283181,True,False
14245264,District 15,City 41,2021-11-21,971011808687278563,300335,F,67.48814302910188,True,False
48772255,District 12,City 34,2019-09-18,477457800140560757,300015,F,81.8045582058215,True,False
84357903,District 14,City 38,2019-06-12,854614623921354488,299295,D,95.27569858235222,True,True
30974308,District 9,City 27,2021-10-31,708316114068371852,299216,B,84.53907041963112,False,False
32940322,District 28,City 38,2020-03-21,177406664000079209,300220,E,86.68773438630174,False,False
20344669,District 12,City 12,2020-01-07,822922458843444500,299633,E,83.10986661478242,True,False
34387688,District 9,City 8,2019-01-12,159552645699089998,299810,B,77.37895130714543,True,False
22972628,District 12,City 53,2020-06-20,227143141079130856,300204,D,100.0,True,False
47048141,District 22,City 32,2019-09-24,410664824588618740,300363,F,77.83875953030642,False,False
40713846,District 5,City 14,2021-06-11,293287638983470020,300017,E,86.5943196435815,True,False
48788303,District 9,City 14,2021-02-01,737844728106521395,299549,A,68.24404937606131,True,False
36942297,District 16,City 14,2019-09-11,466434514013301886,299994,D,72.55051732539195,True,False
46742755,District 25,City 50,2020-10-20,851289083486080625,299352,C,89.4900940423942,True,False
67325306,District 26,City 39,2020-04-30,567605368890599313,299325,D,85.22512022216956,True,False
93783991,District 7,City 50,2021-07-30,668976839962410306,300213,C,66.23995582257476,True,False
98273781,District 35,City 7,2021-10-24,243994135340316802,299795,D,78.96077490796291,True,False
68629127,District 32,City 7,2020-01-31,376105517139817064,300110,C,64.45446017452096,True,False
23310217,District 29,City 32,2020-06-23,749636180958210844,299600,E,88.49021855439148,True,False
65778385,District 33,City 43,2021-02-25,863582582860511440,299410,E,71.59461613537746,True,False
17506191,District 22,City 54,2019-09-07,350875547766953997,300289,D,71.67985284005333,True,False
89738770,District 34,City 54,2020-02-02,848772044055610990,300497,D,67.08890739503259,True,False
13411803,District 9,City 17,2020-01-25,109325000213420088,298660,A,68.10816117444188,True,False
72727534,District 7,City 27,2021-05-20,379704989693513003,300307,F,90.96847901938494,True,False
72953775,District 15,City 49,2020-06-01,683047387139582429,300214,E,88.05366488503282,True,False
20388078,District 12,City 43,2019-07-29,654534449130529371,300711,F,98.97246570721553,False,False
53610417,District 9,City 7,2020-04-07,814044230486560100,298885,F,95.50016430936181,False,False
20522260,District 6,City 33,2019-01-27,186979186752732844,299993,F,72.1005205339633,True,False
58194756,District 26,City 10,2020-04-08,767455352912958813,299931,E,71.16772630045782,True,True
92099417,District 34,City 34,2020-10-02,314281723106648539,300622,E,73.82188208420813,True,False
14941225,District 22,City 27,2021-08-23,940598858188901501,299630,E,62.71816890016815,False,False
54528839,District 7,City 49,2021-12-17,455922431568437162,299533,B,79.89708515840367,False,False
59649861,District 33,City 12,2019-05-24,284591577587064059,300117,B,58.05542161541043,True,False
73790958,District 26,City 32,2021-12-19,977800385967356348,299869,F,79.12239359269904,False,False
69224443,District 2,City 36,2020-07-26,133392897512859833,299838,E,59.295040206798404,True,False
36385775,District 7,City 36,2020-11-23,603333150119212458,300497,E,79.0781348757341,True,False
50330078,District 17,City 41,2020-02-04,829383911599531510,299996,C,91.95695294277668,True,False
59532405,District 7,City 54,2019-03-12,125978146909688498,299468,E,81.33855799571617,False,False
50045721,District 5,City 7,2020-09-10,925904456289030574,300114,A,52.06429718289126,True,False
17090969,District 9,City 10,2019-11-23,414294381716567639,300507,F,79.35907992831294,True,False
99188065,District 28,City 7,2019-06-18,823354931819288790,300391,D,51.61888024338135,True,False
24590678,District 9,City 12,2020-07-20,645356748736216443,299603,C,86.74080959961803,False,False
43809026,District 24,City 53,2021-12-24,969994966144019229,299607,B,91.96795746148332,False,False
15154000,District 34,City 15,2021-02-04,264664234236393253,299240,E,64.66361160040555,True,True
62520142,District 29,City 2,2020-04-28,839458735192242740,299982,E,97.27547183872527,True,False
20269705,District 34,City 57,2021-03-12,628502741898314841,300442,F,77.86909940884298,False,False
30860009,District 3,City 49,2019-06-26,366839482293410461,300213,E,85.26954871804905,True,False
60953487,District 34,City 17,2019-02-04,209658721276701265,298981,E,67.01221987065156,True,False
44433654,District 29,City 22,2019-11-12,249500126530578272,300803,D,86.26165766634614,False,False
69541747,District 28,City 27,2021-06-12,671254154074030776,300517,A,79.74864676313642,True,False
33616245,District 13,City 21,2019-09-09,248122318525979950,298684,C,84.2835411362221,True,False
92251371,District 7,City 14,2020-08-04,576494293727500410,300036,C,89.92027841462254,False,False
19351017,District 3,City 47,2019-11-24,246653756358573568,299747,B,79.42172560415209,True,False
13574635,District 5,City 34,2020-07-24,861846632040272467,299779,C,86.31161007132506,False,False
46854439,District 9,City 57,2020-09-20,180111791040580178,300106,C,86.52935311994891,True,False
65951861,District 34,City 19,2021-04-29,847031840013605149,299100,C,92.03379905060802,False,False
29319524,District 29,City 14,2020-07-17,861635432125763422,299729,E,90.03671626619726,True,False
36353088,District 29,City 38,2021-02-14,444610327070956591,300283,E,72.71153793059023,False,False
20701929,District 9,City 27,2019-10-23,492018261572550949,300252,C,79.39804252303486,True,False
51585466,District 28,City 7,2020-08-26,309232173978021652,299847,F,54.42972430026903,True,False
12680097,District 25,City 24,2019-05-15,701848670129379735,300082,F,74.99046083500356,False,False
99263501,District 28,City 27,2021-01-30,669342911537507058,299352,F,82.57639612524065,True,False
52878970,District 28,City 12,2019-04-08,342347224413305803,300454,D,82.50897591901584,True,False
94296000,District 29,City 17,2021-05-16,678809820498531878,299888,B,77.75290815951251,True,False
23036165,District 3,City 43,2021-06-12,520610073236203505,298593,E,89.91481146881597,True,False
53973340,District 29,City 30,2020-03-08,509785750726989166,300667,E,71.67664707567349,False,False
99677179,District 25,City 22,2019-06-07,585585029942575879,300548,A,83.15208332340931,True,False
14097106,District 29,City 27,2020-05-30,310942133135571133,298909,A,85.63268251632348,False,False
56094210,District 12,City 36,2021-11-16,769557223830428117,300070,B,68.8135731622564,True,False
83564988,District 14,City 12,2019-05-30,520779209921666160,299930,E,70.33766298279238,True,False
79360284,District 24,City 13,2020-08-08,203209522246644980,300134,C,97.18403941924578,True,False
95572713,District 16,City 7,2020-11-30,316996431388191529,300115,E,79.56947968452523,True,False
14149373,District 22,City 22,2021-10-31,423887202381522746,299654,F,66.4672601478796,True,False
57806642,District 32,City 41,2020-03-16,904469305608543517,299457,D,85.45946742858177,True,False
46351085,District 29,City 4,2021-02-08,697942519567065215,300131,D,92.97177724136046,True,False
18357277,District 35,City 27,2019-05-02,953186454871396678,299722,E,62.022089748740115,False,False
18856912,District 23,City 42,2020-06-24,600266060881883068,300649,E,83.31832181211925,True,False
19316584,District 7,City 7,2020-01-30,439548770849346563,300192,D,90.35419117773252,True,False
82564382,District 9,City 58,2020-11-18,967177227824231435,299763,F,82.59639148502164,False,False
92072964,District 24,City 10,2021-07-02,799308636891236334,299718,F,71.49111870327798,False,False
18587352,District 19,City 47,2019-04-19,351337059945430279,298981,B,75.34022215923694,True,False
80952199,District 2,City 29,2020-08-17,565283092860324460,300012,F,58.23078231956603,True,False
79466479,District 17,City 54,2019-10-04,892624110487483398,301375,E,74.95014514749923,True,False
86175026,District 15,City 58,2020-06-29,130281123522806154,300110,D,65.86882968542871,False,False
27605055,District 9,City 49,2020-09-16,154970807801980369,300116,F,75.37486165989804,True,False
82167465,District 12,City 54,2019-04-09,600142893262469295,299979,C,62.248032513859854,True,False
25586778,District 24,City 14,2020-08-19,219384696377686761,299293,E,80.84170718953128,False,False
92752285,District 9,City 38,2020-08-04,347093767982731145,299936,E,91.9807079942245,True,False
24153648,District 32,City 12,2021-05-07,594779258555080543,300110,E,81.97391576869151,True,False
16423565,District 28,City 10,2019-03-24,846721776710634627,300405,D,85.73998604824651,True,False
56662034,District 5,City 43,2019-02-02,836679320840768564,300646,B,71.63381335986851,False,False
92186927,District 25,City 1,2020-01-14,700562549382493355,299191,E,76.98712246766179,True,False
81872118,District 15,City 14,2021-02-08,180652124658406466,299574,D,67.21444714560458,False,False
26377411,District 32,City 41,2020-04-26,517053790970051789,299479,A,83.53263961353362,True,False
95283090,District 33,City 13,2020-06-11,297601319367369491,300338,C,73.00333121280782,True,False
24668327,District 5,City 7,2020-01-10,739865446586752115,299724,F,78.38347651403298,False,False
68956242,District 29,City 22,2019-12-14,236147218622836579,299550,F,81.45522136260081,True,False
96988247,District 26,City 48,2020-11-09,335031741545729499,300555,F,66.11286925793273,True,False
16537208,District 15,City 15,2020-08-16,288466309305220237,300613,F,72.0939687427576,False,False
11784413,District 6,City 22,2020-02-11,581703665189284145,299847,B,65.29712539556384,True,False
80740234,District 13,City 14,2021-08-15,253471362974605300,299538,E,68.67708902783055,False,False
42968389,District 12,City 3,2020-04-05,387656553060062786,300353,F,65.24329114612786,False,False
18193507,District 34,City 13,2021-08-27,661665687243748273,299662,D,81.51691491707473,True,False
56016228,District 9,City 54,2019-09-28,524077812728464936,299787,E,75.87669200121003,False,False
33488923,District 17,City 22,2019-10-27,437309859647706313,299443,A,83.50123547617235,True,False
56381747,District 5,City 10,2019-08-23,227621454049797345,300829,D,83.73687825619926,False,False
46902023,District 26,City 13,2021-07-29,619425791462676821,299966,C,85.22891247263101,False,False
60288033,District 6,City 30,2020-08-28,445769225824546533,299993,E,71.65680030229636,True,False
40288107,District 29,City 21,2021-07-22,379101460562336488,301128,D,71.84873699512367,True,False
89976295,District 9,City 19,2020-08-21,387064036831431815,300863,A,66.19307584672327,True,False
35256222,District 6,City 17,2021-04-10,547749937927362812,300689,F,76.26102519489403,True,False
54001163,District 15,City 38,2021-07-22,801584950453657200,299701,B,82.84513569144605,True,False
68745638,District 20,City 15,2020-10-15,980927282688430495,300233,D,80.93077665366503,True,False
28665938,District 7,City 7,2019-12-07,475533203752536459,299384,F,90.46753721745038,True,False
17956099,District 15,City 14,2021-07-03,375298494134631313,299063,E,90.74892211148259,True,False
44178867,District 17,City 12,2021-09-30,628923453350482498,299517,C,72.68511584827642,False,False
27114230,District 35,City 29,2019-06-20,689996048549087903,300456,D,81.11944536328144,True,False
98576878,District 30,City 14,2020-07-27,957105199525483261,300329,F,84.34128270388717,True,False
75178454,District 12,City 7,2019-07-13,667001023628939136,300457,F,72.28365102634524,True,False
75283870,District 9,City 47,2020-05-05,789976000947597644,300194,E,96.29071644697012,True,False
66920943,District 32,City 1,2020-04-19,812147365286653970,299557,D,84.29212675674626,True,False
66049143,District 9,City 40,2019-01-08,598071261882101816,300176,C,78.78446056798832,True,False
50523740,District 34,City 7,2019-11-20,198685600094916448,299626,F,61.61005603837113,False,False
86522481,District 32,City 27,2021-07-01,757031460853149237,299579,C,63.96321416297263,True,False
37235569,District 29,City 10,2019-11-11,381478892056077358,300283,D,84.40145840059324,True,False
54793786,District 5,City 10,2020-03-30,799781854498617005,300428,D,70.26562358514249,True,False
65138619,District 28,City 8,2019-01-08,681866010123877443,300435,E,73.06069665548708,True,False
19946346,District 25,City 31,2019-02-13,295151796877242258,299336,D,77.30351625260417,True,False
55630821,District 34,City 32,2020-02-18,794671056415310250,299120,C,50.0,True,False
15330601,District 3,City 17,2019-02-19,566683491256254627,300188,F,72.89454267779261,True,False
30268682,District 15,City 34,2020-11-15,419439714875926339,299845,D,71.36065694913009,True,False
90017223,District 7,City 47,2020-02-02,408869456361093981,300303,B,80.70309227225201,True,False
70246668,District 5,City 17,2019-02-13,360463732504582954,300665,D,77.36161510252641,False,False
33879043,District 9,City 22,2020-02-09,762865448865267876,299751,C,65.56559686230986,True,False
33345560,District 13,City 22,2021-06-04,382762103774458730,299325,D,76.4443138039519,False,False
86904585,District 8,City 36,2020-06-23,922497338371722715,299520,F,66.66157433520827,False,False
95250956,District 25,City 53,2020-06-02,764993578740512172,300261,E,86.47935780932426,True,True
21578591,District 26,City 7,2019-09-04,747776824824072685,299160,E,90.21648073867337,True,False
97295131,District 9,City 40,2020-04-25,807464798028698833,300076,B,66.15854872282168,True,False
33257591,District 7,City 57,2020-08-01,866498967395936166,300064,B,77.64951422555713,True,False
66147120,District 19,City 34,2021-11-26,552142108931302615,299773,E,70.00748704387837,False,False
16582069,District 24,City 57,2019-11-30,190095306050357831,299042,C,100.0,True,False
27473130,District 5,City 5,2020-11-18,478039461141591256,299016,F,80.11375147712421,False,False
65370998,District 25,City 22,2020-07-24,354204240014085813,300164,C,88.01269860509117,True,False
81852221,District 25,City 41,2019-05-16,399525484221749192,299545,C,81.8365067576156,False,True
32180988,District 20,City 30,2020-07-22,219577821481158200,300436,F,85.4717416602975,True,False
40639862,District 22,City 32,2021-01-11,353570795409603499,299784,C,77.00734414209414,True,False
53820392,District 22,City 22,2019-09-26,623170174555681619,300146,C,79.00741061772563,False,False
73678910,District 5,City 2,2020-06-26,522809306604731848,299557,A,93.01309183925659,True,False
84585507,District 9,City 48,2019-07-02,409469840517743292,300236,B,81.94885346105224,True,False
38321834,District 5,City 41,2019-12-26,514032978709489758,299809,E,83.9223770054947,False,False
13530751,District 15,City 22,2021-09-02,844272928282660497,300394,E,71.80705197856373,True,False
30590170,District 32,City 47,2019-11-09,815144978846124923,300352,D,60.182500413724824,False,False
39202882,District 6,City 27,2020-06-19,877087969702369036,300377,B,80.01301409262787,True,False
97249857,District 22,City 48,2021-09-09,522921282198803663,299791,E,89.57788075592899,False,False
55222229,District 22,City 39,2020-11-19,694763941537032285,300240,E,79.95764122754514,False,False
33862726,District 29,City 38,2020-07-20,433553995219229926,299859,A,66.03067366517195,True,False
45142048,District 6,City 22,2020-06-30,997697670445864442,300625,F,75.10552225820956,False,False
20035241,District 22,City 4,2019-09-10,129238955476740484,299134,E,85.77139481352896,False,False
96687453,District 15,City 53,2019-07-19,469778527032849197,299802,C,71.54188011933925,True,False
92837469,District 29,City 14,2020-07-21,175186131884564873,299500,C,85.4839067166102,False,False
81182727,District 9,City 22,2020-09-27,845260147129558646,299329,F,66.47708403615665,False,False
31008663,District 20,City 29,2021-02-08,428128726647872153,299940,C,65.93883675851963,True,False
88937570,District 16,City 10,2021-05-22,367792942245222245,300196,E,64.9435818548032,True,False
43378896,District 32,City 39,2019-04-30,186707396862828687,299767,E,74.58746117505733,True,False
87129508,District 35,City 11,2019-04-20,488469125810628875,298797,D,75.94526058303062,True,False
58126539,District 28,City 41,2021-04-22,632833319511042199,299572,C,72.5916916534363,True,False
69308152,District 9,City 44,2020-04-25,117747336273812449,300158,B,95.19365295719533,False,True
15921180,District 15,City 39,2021-10-06,107641318758569038,299882,A,67.17324459441714,True,False
87245455,District 15,City 22,2021-07-29,831559280758244253,299046,F,90.82302451935126,False,False
27671337,District 35,City 48,2019-06-11,780299029399338447,299958,A,90.06465330223566,True,False
82553385,District 3,City 7,2020-09-18,894519157999495569,298955,E,87.30870851086075,True,False
90935280,District 3,City 14,2020-10-29,162319498607011554,299260,E,88.28523600394736,False,False
55076169,District 9,City 5,2020-01-02,524892269737266707,299608,F,100.0,False,False
37551793,District 25,City 41,2019-05-14,547430571050285970,299457,F,74.38778847280861,True,False
56768361,District 29,City 7,2021-08-09,625125517123935169,300813,F,68.27330540642977,True,False
77585342,District 26,City 54,2019-03-25,880062020972088775,299553,E,82.18194120033667,False,False
62865427,District 22,City 8,2019-11-24,381706624565602962,299942,B,89.94367334571429,True,False
91370388,District 26,City 10,2020-11-01,635210072097211411,300427,D,84.16322904327225,False,False
74922910,District 29,City 27,2019-04-04,685669488494942021,299897,E,72.53238838359871,True,False
13073614,District 5,City 55,2020-09-07,125416452486496527,300287,E,87.11488631548671,False,False
76654420,District 32,City 21,2021-10-21,745435705757584117,300772,D,74.69249533106449,False,False
27621833,District 9,City 7,2019-04-02,779737749355548227,299991,E,90.65213654111513,True,False
77045385,District 24,City 41,2019-04-01,337926241572706956,300183,F,69.45871694765056,True,False
19407621,District 33,City 27,2020-11-14,609566680654285979,299919,E,69.85565604394678,True,False
80194861,District 12,City 7,2020-11-20,404503269470455992,299602,E,75.07995754780072,True,True
79419760,District 3,City 26,2020-12-31,430006171606762424,300029,F,77.33000376138567,True,True
44799740,District 20,City 48,2021-09-27,677653693049880892,300723,D,73.76868587384256,True,True
73798568,District 14,City 7,2019-06-29,208312942887179585,300362,D,90.8407680350152,False,True
54138909,District 26,City 22,2020-11-10,594208854966554704,299869,D,69.52861000727174,True,False
33188520,District 20,City 7,2021-08-10,464930500106980825,300312,F,92.36209276988616,False,False
29765333,District 15,City 29,2020-02-24,428111596348626086,300236,D,65.72871785352453,True,False
45786483,District 25,City 8,2019-11-08,908732114885449502,299441,F,74.07573800356204,True,False
59402411,District 22,City 13,2020-08-07,887996449029306457,300416,F,92.23593116179146,True,False
67686903,District 18,City 27,2019-04-30,823809329134658775,300110,C,91.57039203250969,False,True
90938930,District 32,City 10,2020-06-16,869396889949812712,300579,E,71.60845479365777,True,False
33693181,District 25,City 43,2020-06-11,667996998228666130,299183,C,59.280586511030975,True,False
34162096,District 9,City 10,2021-01-08,512519047746031490,300439,F,78.36189756642074,False,False
53126203,District 22,City 53,2019-08-15,525814055333546740,299897,D,63.430156907453664,True,False
47567484,District 13,City 27,2019-09-07,684183936378806419,301156,C,67.20286690657692,True,False
38981872,District 26,City 54,2019-04-13,650607021528578177,300167,B,85.801190267197,True,False
82619295,District 9,City 27,2020-03-18,962312993536785015,300108,F,81.11319668744875,False,False
49379042,District 15,City 33,2020-06-18,827149876069388167,299574,F,74.36410338314448,True,False
94767023,District 9,City 34,2020-08-09,426696438218033070,299635,F,85.0855910770589,True,False
30407543,District 7,City 40,2020-09-05,717265935765151155,299629,C,72.02445177720766,True,False
54391952,District 25,City 10,2021-02-15,762498028245993222,300482,F,88.31007675850343,False,False
18837373,District 8,City 49,2020-10-31,973141121777672446,300697,C,87.8690258817721,True,False
38173786,District 25,City 10,2021-02-08,702388375344621616,300243,E,93.19071333965894,True,False
73914078,District 29,City 20,2019-07-01,201525619870688370,300160,A,81.04090743676565,False,False
62905015,District 5,City 14,2021-05-16,380693043518777278,299359,C,94.99302435619224,True,False
71124419,District 25,City 34,2020-10-05,993948143812213330,299933,B,71.14603910672875,True,True
18038231,District 5,City 30,2020-02-17,739664020402068660,299730,F,58.12834716728591,True,False
45524169,District 33,City 22,2021-12-10,164655983933581018,300160,E,63.4694740974709,False,False
26941892,District 5,City 53,2019-01-23,914077443702604520,300011,F,82.09383276441261,True,False
26875902,District 13,City 15,2019-02-24,596454814016811815,299894,E,90.9330573655486,True,False
61076258,District 20,City 18,2019-04-11,367925361855209546,300048,F,90.5527098856963,True,False
99835724,District 9,City 47,2021-08-08,506253892913676826,300427,C,97.74342398354321,True,False
27575014,District 12,City 22,2019-01-11,522527504665642287,300201,B,71.70440869943725,True,False
75071607,District 5,City 33,2020-08-11,102197948119810489,299493,C,81.4061468001089,True,True
56172983,District 20,City 12,2020-01-08,109046842605632052,300229,E,80.5733190544308,True,False
33604019,District 23,City 39,2019-03-31,315982097943428014,299648,A,75.26820457363516,True,True
58783894,District 9,City 21,2019-05-01,444188870921989710,299701,F,81.8728950003578,False,False
